{"launch_path":"https:\/\/h5.edaijia.cn\/client\/ab-b.html?from=01051390","match":[{"domain":"edaijia.cn","rule":".*"}],"global":{"webviewParameter":{"appendCss":""}},"pages":[{"webviewId":"__W2A__edaijia.cn","matchUrls":[{"pathname":["^\\\/?$","^\\\/client\\\/ab-b\\.html$","^\\\/index\\.html$"]}],"webviewParameter":{"appendCss":""}},{"webviewId":"pages\/simple\/appindex","matchUrls":[{"pathname":["^\\\/app\\\/index\\.html$"]}]},{"webviewId":"driverbook","matchUrls":[{"pathname":["^\\\/driverbook\\\/protocol\\.html$"]}],"webviewParameter":{"titleNView":{"autoBackButton":"true","backgroundColor":"#ffffff","titleColor":"#222","titleSize":"18px"}}},{"webviewId":"common","matchUrls":[{"pathname":[".*"]}]}],"version":"02677ff1453d9c3507b60788f6dd4338"}