{"global":{"webviewParameter":{"titleNView":{"autoBackButton":true,"splitLine":{"color":"#ccc","height":"1px"},"backgroundColor":"#eee","titleColor":"#000000","titleSize":"17px"},"appendCss":"s-backout-link,.a-icon-page-back,.a-global-nav-wrapper,#s-backout-link .a-subheader,#tellAFriendBox_feature_div,[data-hook='breadcrumb'],#gc-subheader-YA-breadcrumb,.a-container.a-footer,#WrapperDivToHideFooter,.mobile-shop-by-department-footer>div>a:last-child{display: none!important}#footer,footer.nav-mobile{display:none;}#nav-ftr-links li:nth-child(3){display: none}.a-footer ul li:nth-child(3){display: none}.a-footer .a-box-group a:nth-child(3){display: none}#nav-ftr-links li:last-child{display: none}.a-footer ul li:last-child{display: none}.a-footer .a-box-group a:last-child{display: none}#gc-feedback-body .gc-show{margin-top:50px;}div#search-content > div.a-container{overflow-x: hidden;}.a-popover-header-secondary,#menu_container .a-subheader{display:none!important;}#nav-logobar,#nav-gwbar,#top{display: none!important} #nav-ftr-links li:nth-child(2){display: none} #nav-ftr-links li:nth-child(3){display: block} .nav-searchbar{display:block;padding: 5px 10px;position:fixed;top:0;width:100%;}  body.a-touch{position:absolute;width:100%;z-index:201;top:0;}"},"easyConfig":{"report":{"double-head":false,"no-head":false,"mask":false}}},"pages":[{"webviewId":"__W2A__amazon.cn","matchUrls":[{"hostname":[".*amazon.(com|cn)"],"pathname":["^\\\/?$","^\\\/gp\\\/aw\\\/ref\\=ord_cart_empty$","^\\\/gp\\\/aw\\\/ref\\=pb_sc_continue_shopping$","^\\\/gp\\\/aw\\\/ref=.*"]}],"webviewParameter":{"titleNView":false,"appendCss":"#s-backout-link .a-subheader,\n#tellAFriendBox_feature_div,\n[data-hook=\"breadcrumb\"],\n#gc-subheader-YA-breadcrumb,\n.a-container.a-footer,\n#WrapperDivToHideFooter,\n.mobile-shop-by-department-footer>div>a:last-child,\n#nav-logobar,\n#nav-gwbar\n {\n\tdisplay: none!important\n}\n\n#nav-ftr-links li:nth-child(3){\n\tdisplay: none\n}\n\n.a-footer ul li:nth-child(3) {\n\tdisplay: none\n}\n\n.a-footer .a-box-group a:nth-child(3) {\n\tdisplay: none\n}\n\n#nav-ftr-links li:last-child {\n\tdisplay: none\n}\n\n.a-footer ul li:last-child {\n\tdisplay: none\n}\n\n.a-footer .a-box-group a:last-child {\n\tdisplay: none\n}\n\n#gc-feedback-body .gc-show,#main-window {\n\tmargin-top: 56px;\n}\n\ndiv#search-content>div.a-container {\n\toverflow-x: hidden;\n}\n\nfooter.nav-mobile,\n#nav-logobar,\n#nav-gwbar {\n\tdisplay: none!important\n}\n\n#nav-ftr-links li:nth-child(2) {\n\tdisplay: none\n}\n\n#nav-ftr-links li:nth-child(3) {\n\tdisplay: block\n}\n\n.nav-searchbar-wrapper {\n\theight: 56px!important;\n\tposition:fixed;\n\twidth: 100%;\n\ttop:0;\n}\n\n#a-page {\n\tmargin-top:56px;\n}\n.nav-searchbar {\n\tdisplay: block;\n\tpadding: 5px 10px;\n}\n"}},{"webviewId":"pages\/page\/user","matchUrls":[{"pathname":["^\\\/gp\\\/aw\\\/ya\\\/ref\\=navm_ftr_ya$","^\\\/gp\\\/aw\\\/psi\\.html$"]}],"webviewParameter":{"titleNView":{"titleText":"\u6211\u7684\u8d26\u6237","splitLine":{"color":"#CCCCCC","height":"1px"}},"appendCss":".a-icon-page-back,#gc-subheader-YA-breadcrumb,.nav-searchbar-wrapper,#nav-search-keywords-data,#nav-logobar{display:none!important;}"}},{"webviewId":"secondPage","matchUrls":[{"pathname":[".*\\\/b\\\/ref=mh\\_cnm\\_bj\\_sl.*"]}],"webviewParameter":{"titleNView":{},"appendCss":"#s-backout-link,.a-global-nav-wrapper,#s-merch-container .a-subheader,#gc-subheader-YA-breadcrumb,.nav-searchbar-wrapper,#nav-search-keywords-data,#nav-logobar{display:none!important;}"}},{"webviewId":"zhida","matchUrls":[{"hostname":[".*\\.amazon.(com|cn)"],"pathname":["^\\\/gp\\\/aw\\\/gb\\\/?$"]}],"webviewParameter":{"titleNView":{"titleText":"\u4e9a\u9a6c\u900a\u79d2\u6740","buttons":[{"float":"right","fontSize":"26px","fontSrc":"_www\/fonts\/iconfont.ttf","text":"\ue60f","color":"#272636","onclick":"javascript: plus.webview.getWebviewById('secondPage').evalJS('document.querySelectorAll('.a-link-normal.a-link-nav-icon')[1].click();')"}],"backgroundColor":"#eee","titleColor":"#000000"},"appendCss":"header.nav-mobile,footer.nav-mobile,#J-back-previous-page .back-more,#J-back-prev-page,#J-leave-time,#J-foot-download,#J-page-footer,#yourOrdersGlobalFooterContainer{display:none!important;}#J-download-bar{height: 0.1px!important;overflow: hidden} #J-download-bar{height: 0.1px!important;overflow: hidden}","appendJs":""}},{"webviewId":"zmsenter","matchUrls":[{"pathname":["^\\\/gp\\\/aw\\\/gb\\\/ref\\=navm_hdr_deals$","^\\\/gp\\\/aw\\\/gb\\\/ref\\=ord_cart_empty$","^\\\/gp\\\/aw\\\/gb\\\/ld$"]}],"webviewParameter":{"titleNView":{"titleText":"\u79d2\u6740"}}},{"webviewId":"yijianshezhi","matchUrls":[{"hostname":[".*\\.amazon.(com|cn)"],"pathname":["^\\\/gp\\\/aw\\\/gb\\\/?$"]}],"webviewParameter":{"titleNView":{"titleText":"\u4e00\u952e\u8bbe\u7f6e","backgroundColor":"#eee","titleColor":"#000000"},"appendCss":"#nav-logobar,.a-container .a-subheader{display:none;}"}},{"webviewId":"fourIcon","matchUrls":[{"pathname":[".*\\\/b\\\/ref=mh\\_cnm\\_fs\\_bj\\_.*",".*\\\/gp\\\/prime\\\/ref=mh\\_cnm\\_fs\\_bj\\_.*"]}],"webviewParameter":{"titleNView":{"backgroundColor":"#232f3e","titleColor":"#fff"}}},{"webviewId":"moreList","matchUrls":[{"pathname":[".*\\\/gp\\\/.*\\\/secondary\\.html\\\/.*",".*\\\/ref\\=discover\\_sm\\_gw\\_see\\_more.*"]}],"webviewParameter":{"titleNView":{"backgroundColor":"#ccc","titleColor":"#000"}}},{"webviewId":"member","matchUrls":[{"pathname":[".*\/membersignup"]}],"webviewParameter":{"titleNView":{"backgroundColor":"#232f3e","titleColor":"#fff"}}},{"webviewId":"zmsdetail","matchUrls":[{"hostname":[".*\\.amazon.(com|cn)"],"pathname":["^\\\/gp\\\/aw\\\/gb\\\/alldeals\\\/?$"]}],"webviewParameter":{"titleNView":{"titleText":"Z\u79d2\u6740"},"appendCss":"header.nav-mobile,footer.nav-mobile,#J-back-previous-page .back-more,#J-back-prev-page,#J-leave-time,#J-foot-download,#J-page-footer,#yourOrdersGlobalFooterContainer{display:none!important;}#J-download-bar{height: 0.1px!important;overflow: hidden} #J-download-bar{height: 0.1px!important;overflow: hidden}","appendJs":""}},{"webviewId":"search","matchUrls":[{"hostname":[".*\\.amazon.(com|cn)"],"pathname":["^\\\/gp\\\/aw\\\/s\\\/.*"]}],"webviewParameter":{"titleNView":{"titleText":"\u641c\u7d22\u7ed3\u679c","backgroundColor":"#eee","titleColor":"#000000"},"appendCss":"#suggestions{top:40px;margin-top:0!important;} #s-backout-link .a-subheader,#nav-gwbar,#nav .a-row:nth-child(1),#navbar,.askSubHeader i,nav .a-global-nav-wrapper{display:none;}  body.a-touch{position:absolute;width:100%;z-index:201;top:0;}#s-backout-link .a-subheader,#tellAFriendBox_feature_div,[data-hook='breadcrumb'],#gc-subheader-YA-breadcrumb,.a-container.a-footer,#WrapperDivToHideFooter,.mobile-shop-by-department-footer>div>a:last-child{display: none!important}#footer,footer.nav-mobile{display:none;}#nav-ftr-links li:nth-child(3){display: none}.a-footer ul li:nth-child(3){display: none}.a-footer .a-box-group a:nth-child(3){display: none}#nav-ftr-links li:last-child{display: none}.a-footer ul li:last-child{display: none}.a-footer .a-box-group a:last-child{display: none}#gc-feedback-body .gc-show{margin-top:50px;}div#search-content > div.a-container{overflow-x: hidden;}.a-popover-header-secondary,#menu_container .a-subheader{display:none!important;}"}},{"webviewId":"moreList","matchUrls":[{"hostname":[".*\\.amazon.(com|cn)"],"pathname":["^\\\/gp\\\/.*\\\/secondary\\.html\\\/?$","\\\/ref\\=discover\\_sm\\_gw\\_see\\_more.*"]}],"webviewParameter":{"appendCss":"header.nav-mobile,footer.nav-mobile,#J-back-previous-page .back-more,#J-back-prev-page,#J-leave-time,#J-foot-download,#J-page-footer,#yourOrdersGlobalFooterContainer{display:none!important;}#J-download-bar{height: 0.1px!important;overflow: hidden} #J-download-bar{height: 0.1px!important;overflow: hidden}"}},{"webviewId":"order","matchUrls":[{"pathname":[".*order.html.*"]}]},{"webviewId":"myorder","matchUrls":[{"hostname":[".*\\.amazon.(com|cn)"],"pathname":["^\\\/gp\\\/your\\-account\\\/order\\-history\\\/?$"]}],"webviewParameter":{"titleNView":{"titleText":"\u6211\u7684\u8ba2\u5355","backgroundColor":"#eee","titleColor":"#000000"},"appendCss":".a-popover-header-spacing,.a-popover-header-secondary,header.nav-mobile,#ape_deals_atf_deals-mWeb_wrapper,#ape_deals_atf_deals-mWeb_text-wrapper,#J-back-previous-page .back-more,#J-back-prev-page,#J-leave-time,#J-foot-download,#J-page-footer,#yourOrdersGlobalFooterContainer{display:none!important;}#J-download-bar{height: 0.1px!important;overflow: hidden}"}},{"webviewId":"my","matchUrls":[{"pathname":["^\\\/gp\\\/aw\\\/recs\\\/ys$"]}],"webviewParameter":{"titleNView":{"titleText":"\u6211\u7684","backgroundColor":"#eee","titleColor":"#000000"},"appendCss":"footer.nav-mobile{display:block!important;}#nav-ftr-copyright,footer.nav-mobile .nav-searchbar-wrapper,footer.nav-mobile #nav-ftr-gototop,#a-page header{display:none!important}"},"easyConfig":{"back":{"reload":true}}},{"webviewId":"reviews","matchUrls":[{"pathname":[".*\\\/gp\\\/aw\\\/reviews\\\/.*",".*\\\/product-reviews\\\/.*"]}],"webviewParameter":{"titleNView":{}},"easyConfig":{"back":{"before":[{"#a-popover-lgtbox":".a-popover .a-icon-close"}]}}},{"webviewId":"create-review","matchUrls":[{"pathname":["^\\\/review\\\/create-review$"]}],"webviewParameter":{"titleNView":{}},"easyConfig":{"back":{"before":[{"#a-popover-lgtbox":".a-popover .a-icon-close"}]}}},{"webviewId":"reviews-lightbox","matchUrls":[{"pathname":["^\\\/review\\\/reviews-lightbox\\\/$"]}],"webviewParameter":{"appendCss":".reviewsLightbox .immersiveView .hideButton-mobile{top:0px}"},"easyConfig":{"back":{"before":[{".immersiveViewContainer":".hideButton"}]}}},{"webviewId":"pages\/page\/KindleReader","matchUrls":[{"pathname":[".*a\\.app\\.qq\\.com.*"]}],"webviewParameter":{}},{"webviewId":"tab","matchUrls":[{"pathname":[".*\\\/b\\\/ref=DZ\\_DoTD\\_DI\\_Web\\_di.*"]}],"webviewParameter":{"titleNView":{"titleText":"\u56fd\u9645\u5927\u724c\uff0c\u6d77\u5916\u6b63\u54c1"},"appendCss":".cn-m-slider-holder,div.leo-common-title-img{margin: 0 !important}.leo-nav-bar{position:fixed!important;top:105px!important} .leo-nav-bar,#nav .a-row:nth-child(1){display:none}"},"easyConfig":{"report":false}},{"webviewId":"recommend","matchUrls":[{"pathname":[".*\\\/b.*"],"search":[".*node=1497505071.*"]}],"webviewParameter":{"titleNView":{"titleText":"\u6240\u6709\u7c7b\u522b"}},"easyConfig":{"report":false}},{"webviewId":"addressselect","matchUrls":[{"pathname":["^\\\/gp\\\/cart\\\/mobile\\\/go-to-checkout\\.html\\\/ref\\=ox_sc_proceed$",".*\\\/addressselect.*"]}],"webviewParameter":{"titleNView":{}},"easyConfig":{"history":true}},{"webviewId":"login","matchUrls":[{"pathname":[".*\\\/ap\\\/signin.*",".*\\\/sign-out.html.*","\\\/register"]}]},{"webviewId":"forgotpass","matchUrls":[{"pathname":["^\\\/ap\\\/forgotpassword$"]}]},{"webviewId":"alipay","matchUrls":[{"pathname":[".*\\\/utils\\\/mclient\\.alipay\\.com\\\/h5\\\/.*"]}],"webviewParameter":{"titleNView":{}}},{"webviewId":"pages\/page\/detail","matchUrls":[{"hostname":[".*\\.amazon.(com|cn)"],"pathname":["^\\\/gp\\\/aw\\\/d\\\/.*","^\\\/dp\\\/aw\\\/d\\\/.*","^\\\/dp\\\/.*","^\\\/gp\\\/slredirect\\\/picassoRedirect\\.html"]}],"webviewParameter":{"titleNView":{"buttons":[{"float":"right","text":"\ue602","fontSize":"22px","fontSrc":"_www\/__wap2app.ttf","onclick":"javascript: plus.webview.getWebviewById('pages\/page\/detail').evalJS('wap2app && wap2app.openShare()')"}]},"appendCss":"#immersive-image-back,#navbar,.a-popover-header-spacing,.a-popover-header-secondary,#a-page nav,#WrapperDivToHideFooter,#tellAFriendBox_feature_div{display:none!important;} .ddm-fixed-under-back-btn{top:0;}"}},{"webviewId":"common","matchUrls":[{"hostname":[".*\\.amazon.(com|cn)"],"pathname":[".*"]}],"webviewParameter":{}}],"version":"2af6762d7891b18ea28e2febdd4f2ff7"}