{"version":"7936f10f4cf5b0287329c1e84f3eb339","launch_path":"https:\/\/touch.qunar.com\/","match":[{"domain":"qunar.com","rule":["touch.train","www","touch","train","m","flight",""]},{"domain":"qunar.com","rule":["R:[0-9a-z.]{1,}\\\/\\\/qunar\\.com\\\/?$"]}],"global":{"lockOrientation":"portrait-primary","webviewParameter":{"titleNView":{"backgroundColor":"#fff","titleColor":"#333","titleSize":"17px","borderColor":"#fff"},"statusbar":{"style":"dark"},"appendCss":".regret,.ad,.footer-bot,.footer-guide li:nth-child(1){display:none!important}.footer-guide li{width:50%!important} #allmap{height:620px}#affirm2,.yo-loading.yo-overlay,#mobilePc,.m-download,#init_loading,.loading,#car-page-ld,.my-footer,.bar-download,.qn_hijack.downloadApp,#j_login_bar,#thdLogin,#appUpbox,#QNT_box,.qn_center.qn_soft,.ad,.copyright,.ope.pc_module,.ope,.right.home,.hotel-index-bottom-ad,.qn_footer,.mpw-download,.QNT_download_touch,.footer_nav,.mobile_pc,.copyright,.js-bnblist-download,#jq-appendDIV,.mp-download-inner,.mp-download,.qn_download,.e_banner_bg,.e_banner,.b_banner,.qn_downloadGuide,.qt-footer{display:none!important}"},"easyConfig":{"back":{"selector":".yo-ico.forward,.m-header-back,.cm-header-icon.fl.js_back,.item.nav_back,.car-index-back,.back_home,.recede,.arrow.arrow_left,.icon.i-arrow_left.back,.mp-header-back,.icon.previous.page-back.qt-white"}}},"pages":[{"showWaiting":false,"webviewId":"__W2A__H5E349CB7","matchUrls":[{"hostname":["^touch\\.qunar\\.com$","^www\\.qunar\\.com$","^m\\.qunar\\.com$","^qunar\\.com$"],"pathname":["^\\\/h5\\\/$","^\\\/h5\\\/challenge$","^\\\/index$","^\\\/?$"]}],"webviewParameter":{"titleNView":{"titleText":"\u53bb\u54ea\u513f\u65c5\u6e38","backgroundColor":"#f0f0f0","titleColor":"#444"},"statusbar":{"background":"#cccccc","style":"dark"},"appendCss":".ad,\n.footer-bot,\n.footer-guide li:nth-child(1) {\n\tdisplay: none!important\n}\n\n.footer-guide li {\n\twidth: 50%!important\n}\n\n.bar-download {\n\tdisplay: none!important\n}\n\n.footer-bot .col3.qt-left:first-child {\n\tdisplay: none!important\n}\n\n.footer-bot .col3.qt-left:last-child {\n\tdisplay: none!important\n}\n\n@font-face {\n\tfont-family: iconfont;\n\tsrc: url(\"https:\/\/source.qunarzz.com\/fonts\/myaccount\/1.1.1\/iconfont.woff\") format(\"woff\"), url(\"https:\/\/source.qunarzz.com\/fonts\/myaccount\/1.1.1\/iconfont.ttf\") format(\"truetype\")\n}\n\n@font-face {\n\tfont-family: iconfont;\n\tsrc: url(\"https:\/\/source.qunarzz.com\/fonts\/myaccount\/1.1.1\/iconfont.woff\") format(\"woff\"), url(\"https:\/\/source.qunarzz.com\/fonts\/myaccount\/1.1.1\/iconfont.ttf\") format(\"truetype\")\n}\n\n@font-face {\n\tfont-family: iconfont;\n\tsrc: url(\"https:\/\/source.qunarzz.com\/fonts\/myaccount\/1.0.9\/iconfont.woff\") format(\"woff\"), url(\"https:\/\/source.qunarzz.com\/fonts\/myaccount\/1.0.9\/iconfont.ttf\") format(\"truetype\")\n}\n\n.qt-sub-header {\n\tbackground: #ffffff!important\n}"},"easyConfig":{"back":{"before":{".m-search-page.search-popup":".cancel"}}}},{"webviewId":"software","matchUrls":[{"pathname":["^\\\/h5\\\/Software$"]}],"webviewParameter":{"titleNView":{"titleText":"\u7cbe\u54c1\u63a8\u8350","backgroundColor":"#25a4bb","titleColor":"#fff","borderColor":"#25a4bb"},"appendCss":".qn_header,.qn_footer{display:none;}"}},{"webviewId":"order","matchUrls":[{"pathname":["^\\\/mordercenter\\\/index\\.html$"]}],"webviewParameter":{"subNViews":"pages\/common\/white_head_autoHide.nview","titleNView":false,"statusbar":{"background":"#cccccc"},"appendCss":""}},{"overrideResourceRequest":[{"match":".*hm.baidu.com\/hm.gif.*","redirect":"_www\/img\/point.png"}],"webviewId":"login","matchUrls":[{"pathname":["^\\\/h5\\\/user\\\/login$","^\\\/mobile\\\/login\\.jsp$","^\\\/H5Login\\\/$","^\\\/mobile\\\/register\\.jsp$"]}],"webviewParameter":{"subNViews":"pages\/common\/blue_head_autoHide.nview","titleNView":false,"statusbar":{"background":"#19a9ba"},"appendCss":".qn_main .qn_header .back{font-size: 22px;}.backgroundurl{}.qn_footer{display:none!important}"},"easyConfig":{"back":{"history":false},"fastInput":[{"selector":".control-text.vcode.ng-valid-pattern","type":"number"}]}},{"webviewId":"usercenter","matchUrls":[{"pathname":["^\\\/mobile\\\/h5\\\/personalcenter\\\/myaccount\\\/index\\.htm$"]}],"webviewParameter":{"subNViews":"pages\/user\/usercenter.nview","titleNView":{"titleText":"","type":"transparent"},"statusbar":{"background":"#2c69c2"},"appendCss":".m-detail-bd .yo-ico.yo-icon-back,.yo-header,.my-footer{display:none!important}"}},{"webviewId":"uc_head_setting","matchUrls":[{"pathname":["^\\\/mobile\\\/h5\\\/personalcenter\\\/myaccount\\\/mysettings\\.htm$"]}],"webviewParameter":{"titleNView":{"titleText":"\u8bbe\u7f6e"},"statusbar":{"background":"#cccccc"},"appendCss":".yo-header{display:none!important} .m-detail-mysetting{top:0!important;}"},"easyConfig":{"back":{"history":true}}},{"webviewId":"uc_head_black","matchUrls":[{"pathname":["^\\\/mobile\\\/h5\\\/personalcenter\\\/myaccount\\\/mysettings\\.htm$"]}],"webviewParameter":{"subNViews":"pages\/common\/white_head_autoHide.nview","titleNView":false,"statusbar":{"background":"#cccccc"},"appendCss":".yo-header{display:none!important} .m-detail-mysetting{top:0!important;}"},"easyConfig":{"back":{"history":true,"selector":".m-list-hd .regret"}}},{"webviewId":"uc_head_black_bank","matchUrls":[{"pathname":["^\\\/mobile\\\/h5\\\/member\\\/bindCard\\\/index\\.htm$"]}],"webviewParameter":{"titleNView":{"titleText":"\u94f6\u884c\u5361"},"statusbar":{"background":"#cccccc"},"appendCss":".yo-header{display:none!important} card-list{padding-top:0;}"}},{"webviewId":"uc_head_viewtrue","matchUrls":[{"pathname":["^\\\/h5\\\/starTicket\\\/StarTicketDetail$"]}],"webviewParameter":{"titleNView":{"titleText":"\u6211\u7684\u661f\u5238"},"statusbar":{"background":"#cccccc"},"appendCss":".yo-header{display:none!important}"}},{"webviewId":"uc_head_viewfalse","matchUrls":[{"pathname":["^\\\/h5\\\/starTicket\\\/StarTicketDetail$","^\\\/invoice\\\/my\\\/invoice\\.htm$"]}],"webviewParameter":{"titleNView":{"titleText":"\u6211\u7684\u53d1\u7968"},"statusbar":{"background":"#cccccc"},"appendCss":".yo-header{display:none!important}"}},{"webviewId":"uc_head_btm","matchUrls":[{"pathname":["^\\\/books$","^\\\/mobile\\\/feedback\\\/feedback\\.jsp$","^\\\/h5\\\/about$","^\\\/h5\\\/feedback$"]}],"webviewParameter":{"titleNView":{"titleColor":"#fff","backgroundColor":"#1ba9ba","borderColor":"#1ba9ba"},"statusbar":{"background":"#1ba9ba"},"appendCss":".yo-header,.e_crumb,.qn_header,.qn_footer{display:none!important} .m-feedback-content{top:0!important;}"},"easyConfig":{"back":{"history":true,"before":{".yo-dialog.yo-popselect":".hd .regret"}}}},{"webviewId":"uc_head_myrefund","matchUrls":[{"pathname":["^\\\/mobile\\\/h5\\\/personalcenter\\\/myrefund\\.htm$"]}],"webviewParameter":{"titleNView":{"titleText":"\u6211\u7684\u9000\u6b3e","titleColor":"#fff","backgroundColor":"#1ba9ba","borderColor":"#1ba9ba"},"statusbar":{"background":"#1ba9ba"},"appendCss":".yo-header{display:none!important}"}},{"webviewId":"uc_head_balancewithdraw","matchUrls":[{"pathname":["^\\\/m\\\/member\\\/asset\\\/balance\\\/withdraw\\.html$"]}],"webviewParameter":{"titleNView":false,"statusbar":{"background":"#1ba9ba","immersed":false},"appendCss":".yo-header-accbalance .yo-ico{font-size: 22px;font-weight: normal;}.yo-header-accbalance>.regret{color:#fff}.yo-header>.regret{padding-left: .1rem;}"},"easyConfig":{"back":{"history":true}}},{"webviewId":"uc_head_balance_sub1","matchUrls":[{"pathname":["^\\\/mobile\\\/h5\\\/asset\\\/mybillindex\\.htm$"]}],"webviewParameter":{"titleNView":false,"statusbar":{"background":"#1ba9ba","immersed":false},"appendCss":".yo-header>.regret.yo-ico{font-size: 22px;}.yo-header>.regret{color:#fff}.yo-header>.regret{padding-left: .1rem;}"}},{"webviewId":"uc_head_balance_sub2","matchUrls":[{"pathname":["^\\\/mobile\\\/h5\\\/asset\\\/myBillDetail\\.htm$"]}],"webviewParameter":{"titleNView":{"titleText":"\u8d26\u5355\u8be6\u60c5","backgroundColor":"#1ba9ba","borderColor":"#1ba9ba"},"statusbar":{"background":"#ccc","immersed":false},"appendCss":".yo-header>.regret.yo-ico{font-size: 22px;}.yo-header>.regret{color:#fff}.yo-header>.regret{padding-left: .1rem;}"}},{"webviewId":"uc_head_child","matchUrls":[{"pathname":["^\\\/mobile\\\/h5\\\/personalcenter\\\/myaccount\\\/nickname\\.htm$","^\\\/mobile\\\/h5\\\/personalcenter\\\/myaccount\\\/gender\\.htm$"]}],"webviewParameter":{"titleNView":{"titleText":"\u8d26\u5355\u8be6\u60c5","backgroundColor":"#1ba9ba","borderColor":"#1ba9ba"},"statusbar":{"background":"#ccc","immersed":false},"appendCss":".yo-header>.regret.yo-ico{font-size: 22px;}.yo-header>.regret{color:#fff}.yo-header>.regret{padding-left: .1rem;}"}},{"webviewId":"uc_head_child_sub","matchUrls":[{"pathname":["^\\\/mobile\\\/h5\\\/member\\\/bindCard\\\/realName\\.htm$"]}],"webviewParameter":{"subNViews":"pages\/common\/white_head_autoHide.nview","titleNView":false,"statusbar":{"background":"#ccc","immersed":false}}},{"webviewId":"uc_head_sensitive","matchUrls":[{"pathname":["^\\\/mobile\\\/h5\\\/personalcenter\\\/sensitive\\\/modifypwd\\.htm$"]}],"webviewParameter":{"titleNView":{"titleText":"\u4fee\u6539\u5bc6\u7801","borderColor":"#c7ced4","backgroundColor":"#fff","titleColor":"#000"},"statusbar":{"background":"#ccc","immersed":false},"appendCss":".yo-header,app-header{display:none!important}"}},{"webviewId":"uc_head_child_noscreentshot","matchUrls":[{"pathname":["^\\\/mobile\\\/h5\\\/personalcenter\\\/sensitive\\\/modifymobile\\.htm$"]}],"webviewParameter":{"titleNView":{"borderColor":"#fff","backgroundColor":"#fff","titleColor":"#000"},"statusbar":{"background":"#ccc","immersed":false},"appendCss":".yo-header,.qn_header{display:none!important}"}},{"webviewId":"uc_head_child_lists","matchUrls":[{"pathname":["^\\\/h5\\\/user\\\/modifypassword$","^\\\/h5\\\/user\\\/passengerlist$","^\\\/h5\\\/user\\\/contactlist$","^\\\/h5\\\/group\\\/grouporderDetailQMC$"]}],"webviewParameter":{"titleNView":{"borderColor":"#fff","backgroundColor":"#fff","titleColor":"#000"},"statusbar":{"background":"#ccc","immersed":false},"appendCss":".yo-header,.qn_header,.qn_footer{display:none!important}"}},{"webviewId":"bbsforum","matchUrls":[{"pathname":["^\\\/bbs\\\/forum\\.php$"]}],"webviewParameter":{"titleNView":false,"statusbar":{"background":"#ccc","immersed":false}}},{"webviewId":"userContactOP","matchUrls":[{"pathname":["^\\\/h5\\\/user\\\/ContactOP$","^\\\/h5\\\/user\\\/passengerop$"]}],"webviewParameter":{"titleNView":{"backgroundColor":"#1ba9ba","borderColor":"#1ba9ba","titleColor":"#fff"},"statusbar":{"background":"#ccc","immersed":false},"appendCss":".yo-header,.qn_header{display:none!important}"},"easyConfig":{"reload":true,"back":{"history":false,"reload":"uc_head_child_lists"}}},{"webviewId":"pages\/hotel\/hotel","matchUrls":[{"pathname":["^\\\/hotel\\\/$","^\\\/h5\\\/hotel\\\/$","^\\\/hotel\\\/index$"]}],"webviewParameter":{"subNViews":"pages\/hotel\/hotel.nview","replacewebapi":{"geolocation":"auto"},"titleNView":false,"statusbar":{"background":"#019cb0","immersed":false},"appendCss":".hd-banner .nearby-hotel.qt-white,.hd-banner .page-back.qt-white{top:20px}.hotel-index-bottom-ad,.qt-footer{display:none!important}#qt_page_keyWordPage .qt-page-header,#qt_page_keyWordPage .qt-page-header-wrapper,#qt_page_calendarpage .qt-page-header-wrapper,#qt_page_citySelectPage .qt-page-header-wrapper,#qt_page_citySelectPage .qt-page-header{height:70px!important}#qt_page_calendarpage .qt-page-header.fixed{top:20px}#qt_page_keyWordPage .qt-page-header.fixed,#qt_page_citySelectPage .qt-page-header.fixed{padding-top: 20px;}"},"easyConfig":{"back":{"beforeBack":[{".qt-page-wrapper.active":".icon.previous.left",".qt-mask.active":".qt-mask.active","eventType":"click"}]}}},{"webviewId":"pages\/hotel\/hotelsearch","matchUrls":[{"pathname":["^\\\/h5\\\/hotel\\\/hotellist$","^\\\/hotel\\\/hotellist$","^\\\/intention\\\/productlist\\.htm$","^\\\/hotel\\\/presalehotel$"]}],"webviewParameter":{"replacewebapi":{"geolocation":"alldevice"},"subNViews":"pages\/common\/white_head_autoHide.nview","titleNView":{"titleText":"\u9152\u5e97\u5217\u8868","titleSize":"16px","titleColor":"#333","backgroundColor":"#fff"},"statusbar":{"background":"#FAFAFA","immersed":false},"appendCss":".qt-header nav,.ad{display:none!important;}.city-container{margin-top:50px!important}#qt_page_citySelectPage .city-select{margin-left: 10px!important;}"},"easyConfig":{"back":{"selector":".qt-header .icon.previous.left","beforeBack":[{"#qt_page_citySelectPage.active":"#qt_page_citySelectPage .icon.previous.left",".qt_page_keyWordPage.active":"#qt_page_keyWordPage .icon.previous.left","eventType":"tap"}]}}},{"webviewId":"pages\/hotel\/hoteldetail","matchUrls":[{"pathname":["^\\\/hotel\\\/hoteldetail$","^\\\/h5\\\/hotel\\\/hoteldetail$"]}],"webviewParameter":{"titleNView":{"type":"transparent","titleText":""},"statusbar":{"background":"#000","immersed":true},"appendCss":".pro-room-list li div[data-client=true],.qt-page-body .iv-nav,.hd-banner nav,.qt-page-header nav{display:none!important;}.qt-page-wrapper.active{padding-top: 24px;}.qt-page-header.fixed{top: 24px;}.hd-banner .detail-back,.hd-banner .detail-home{position:fixed;top:20px} .qt-page-body{padding-top:0!important;} .qt-page-body{top:0!important;}"},"easyConfig":{"back":{"selector":".detail-back.page-back"}}},{"webviewId":"hotelview","matchUrls":[{"pathname":["^\\\/hotel\\\/view$"]}],"webviewParameter":{"subNViews":"pages\/common\/white_head_autoHide.nview","titleNView":{"titleText":"\u6700\u8fd1\u6d4f\u89c8"},"statusbar":{"background":"#cccccc","immersed":false},"appendCss":".qt-header-wrapper{display:none!important;}"}},{"webviewId":"hotelmap","matchUrls":[{"pathname":["^\\\/hotel\\\/hoteldetail\\\/map$"]}],"webviewParameter":{"subNViews":"pages\/common\/blue_head_autoHide.nview","titleNView":false,"statusbar":{"immersed":false},"appendCss":""}},{"webviewId":"HotelChoice","matchUrls":[{"pathname":["^\\\/h5\\\/hotel\\\/HotelChoice$"]}],"webviewParameter":{"subNViews":"pages\/common\/white_head_autoHide.nview","titleNView":false,"statusbar":{"background":"#cccccc","immersed":false},"appendCss":""}},{"webviewId":"hotelList","matchUrls":[{"pathname":["^\\\/hotel\\\/hotelorderlist$"]}],"webviewParameter":{"subNViews":"pages\/common\/white_head_autoHide.nview","titleNView":false,"statusbar":{"background":"#cccccc","immersed":false},"appendCss":""}},{"webviewId":"hotelorderdetail","matchUrls":[{"pathname":["^\\\/hotel\\\/hotelorderdetail$"]}],"webviewParameter":{"titleNView":{"titleText":"\u8ba2\u5355\u8be6\u60c5","backgroundColor":"#25a4bb","borderColor":"#25a4bb","titleColor":"#fff"},"statusbar":{"background":"#cccccc","immersed":false},"appendCss":".qt-header-wrapper{display:none!important;}.qt-body{padding-top:49px!important;}"}},{"webviewId":"hotelorderquery","matchUrls":[{"pathname":["^\\\/hotel\\\/hotelorderquery$"]}],"webviewParameter":{"titleNView":{"titleText":"\u8ba2\u5355\u67e5\u8be2"},"statusbar":{"background":"#cccccc","immersed":false},"appendCss":".qt-header-wrapper{display:none!important;}"}},{"webviewId":"hotelcomment","matchUrls":[{"pathname":["^\\\/hotel\\\/hotelcomment$"]}],"webviewParameter":{"subNViews":"pages\/common\/white_head_autoHide.nview","titleNView":false,"statusbar":{"background":"#cccccc","immersed":false},"appendCss":""}},{"webviewId":"pages\/hotel\/hotelorderinfo","matchUrls":[{"pathname":["^\\\/hotel\\\/hotelorderinfo$"]}],"webviewParameter":{"subNViews":"pages\/common\/white_head_autoHide.nview","titleNView":false,"statusbar":{"background":"#cccccc","immersed":false},"appendCss":""}},{"webviewId":"h5groupdetail","matchUrls":[{"pathname":["^\\\/h5\\\/group\\\/groupdetail$"]}],"webviewParameter":{"subNViews":"pages\/common\/blue_head_autoHide.nview","titleNView":false,"statusbar":{"background":"#cccccc","immersed":false},"appendCss":".Qt_order_hotel{padding-top: 55px!important;}.header{position: fixed;width: 100%;z-index: 10;}"}},{"webviewId":"BusinessOrderInfo","matchUrls":[{"pathname":["^\\\/h5\\\/hotel\\\/pay\\\/BusinessOrderInfo$"]}],"webviewParameter":{"titleNView":{"titleText":"\u8ba2\u5355\u4fe1\u606f","titleColor":"#fff","backgroundColor":"#1ba9ba","borderColor":"#1ba9ba"},"statusbar":{"background":"#cccccc","immersed":false},"appendCss":".qn_header{display:none!important;}"}},{"webviewId":"hotelorderresult","matchUrls":[{"pathname":["^\\\/hotel\\\/hotelorderresult$"]}],"webviewParameter":{"subNViews":"pages\/common\/blue_head_autoHide.nview","titleNView":false,"statusbar":{"background":"#cccccc","immersed":false}}},{"webviewId":"grouplist","matchUrls":[{"pathname":["^\\\/h5\\\/group\\\/grouplist$"]}],"webviewParameter":{"subNViews":"pages\/common\/blue_head_autoHide.nview","replacewebapi":{"geolocation":"alldevice"},"titleNView":false,"statusbar":{"background":"#cccccc","immersed":false},"appendCss":"html{background-color:#ffffff}"},"easyConfig":{"history":false}},{"webviewId":"groupaaggdetail","matchUrls":[{"pathname":["^\\\/h5\\\/group\\\/groupAggDetail$"]}],"webviewParameter":{"titleNView":{"type":"transparent","titleText":""},"statusbar":{"background":"#1ba9ba","immersed":true},"appendCss":"html{background-color:#ffffff} .return_btn,#js_full .js_reback,.qn_footer{display:none!important;} #js_full{padding-top:25px;}"},"easyConfig":{"back":{"before":[{"#js_full":".reback.js_reback"}]}}},{"webviewId":"orderFillWithDetail","matchUrls":[{"pathname":["^\\\/h5\\\/group\\\/orderFillWithDetail$","^\\\/h5\\\/group\\\/groupOrderFill$"]}],"webviewParameter":{"titleNView":{"titleText":"\u56e2\u8d2d\u8ba2\u5355\u586b\u5199","backgroundColor":"#1ba9ba","borderColor":"#1ba9ba","titleColor":"#fff"},"statusbar":{"background":"#cccccc","immersed":false},"appendCss":".header,.qn_footer{display:none!important;}"},"easyConfig":{"back":{"before":[{"#js_full":".reback.js_reback"}]}}},{"webviewId":"tuanDetail","matchUrls":[{"pathname":["^\\\/h5\\\/group\\\/groupDetail$"]}],"webviewParameter":{"titleNView":{"backgroundColor":"#25a4bb","borderColor":"#25a4bb","titleColor":"#fff"},"statusbar":{"background":"#cccccc","immersed":false},"appendCss":"qn_header,.qn_footer,.header{display:none!important;}"}},{"webviewId":"HotelDetailComment","matchUrls":[{"pathname":["^\\\/h5\\\/hotel\\\/HotelDetailComment$","^\\\/h5\\\/group\\\/groupMap$","^\\\/h5\\\/group\\\/groupHotelIntroduce$"]}],"webviewParameter":{"titleNView":{"backgroundColor":"#25a4bb","borderColor":"#25a4bb","titleColor":"#fff"},"statusbar":{"background":"#cccccc","immersed":false},"appendCss":".m-comment .tab.fixed{top: 0px;margin-top:0!important;} .qn_header,.qn_footer,.header{display:none!important;}"}},{"webviewId":"newbnbtouch","matchUrls":[{"pathname":["^\\\/touch\\\/newbnbtouch\\.jsp$"]}],"webviewParameter":{"subNViews":"pages\/common\/white_head_autoHide.nview","titleNView":false,"statusbar":{"background":"#cccccc","immersed":false},"appendCss":"body{background-color:#ffffff!important}.js-bnblist-download{display:none!important}.m-header .forward{padding-left: .15rem;font-size: .2rem;font-weight: bold;}"}},{"webviewId":"pages\/hotel\/touchindexwechar","matchUrls":[{"pathname":["^\\\/touch\\\/index\\.html$"]}],"webviewParameter":{"subNViews":"pages\/hotel\/touchindexwechar.nview","titleNView":false,"statusbar":{"background":"#cccccc","immersed":false},"appendCss":"body{background-color:#ffffff!important}.js-bnblist-download{display:none!important}.m-header .forward{padding-left: .15rem;font-size: .2rem;font-weight: bold;}"},"easyConfig":{"back":{"before":[{".no-money":".no-money",".modal-mask":".modal-mask"}]}}},{"webviewId":"searchlocation","matchUrls":[{"pathname":["^\\\/user\\\/search\\\/location\\.html$"]}],"webviewParameter":{"titleNView":{"titleText":"\u8bf7\u9009\u62e9\u57ce\u5e02","backgroundColor":"#1ba9ba","borderColor":"#1ba9ba","titleColor":"#fff"},"statusbar":{"background":"#cccccc","immersed":false},"appendCss":""}},{"webviewId":"referpublish","matchUrls":[{"pathname":["^\\\/user\\\/wechat\\\/refer\\\/publish\\.html$"]}],"webviewParameter":{"titleNView":{"titleText":"\u63d0\u4ea4\u4f1a\u8bae\u9700\u6c42","titleColor":"#fff","backgroundColor":"#1ba9ba","borderColor":"#1ba9ba"},"statusbar":{"background":"#cccccc","immersed":false},"appendCss":""}},{"webviewId":"serviceIntro","matchUrls":[{"pathname":["^\\\/user\\\/serviceIntro\\.html$"]}],"webviewParameter":{"subNViews":"pages\/common\/blue_head_autoHide.nview","titleNView":false,"statusbar":{"background":"#cccccc","immersed":false},"appendCss":""}},{"webviewId":"servicemapinfo","matchUrls":[{"pathname":["^\\\/user\\\/hotel\\\/map\\.html$","^\\\/user\\\/hotel\\\/info\\.html$"]}],"webviewParameter":{"subNViews":"pages\/common\/blue_head_autoHide.nview","titleNView":false,"statusbar":{"background":"#cccccc","immersed":false},"appendCss":""}},{"webviewId":"usertopiclist","matchUrls":[{"pathname":["^\\\/user\\\/topic\\\/list\\.html$"]}],"webviewParameter":{"subNViews":"pages\/common\/blue_head_autoHide.nview","titleNView":false,"statusbar":{"background":"#cccccc","immersed":false},"appendCss":""},"easyConfig":{"back":{"before":[{".modal-mask":".modal-mask"}]}}},{"webviewId":"usertopicdetail","matchUrls":[{"pathname":["^\\\/user\\\/topic\\\/detail\\.html$"]}],"webviewParameter":{"subNViews":"pages\/common\/blue_head_autoHide.nview","titleNView":false,"statusbar":{"background":"#cccccc","immersed":false},"appendCss":""}},{"webviewId":"referorderfill","matchUrls":[{"pathname":["^\\\/user\\\/topic\\\/refer\\\/orderfill\\.html$"]}],"webviewParameter":{"subNViews":"pages\/common\/blue_head_autoHide.nview","titleNView":false,"statusbar":{"background":"#cccccc","immersed":false},"appendCss":""}},{"webviewId":"activitysact","matchUrls":[{"pathname":["^\\\/activity\\\/sact\\\/2mmMNf$"]}],"webviewParameter":{"subNViews":"pages\/common\/blue_head_autoHide.nview","titleNView":false,"statusbar":{"background":"#cccccc","immersed":false},"appendCss":""}},{"webviewId":"pages\/flight\/flight","matchUrls":[{"pathname":["^\\\/h5\\\/flight\\\/$"]}],"webviewParameter":{"replacewebapi":{"geolocation":"auto"},"titleNView":{"titleText":"\u673a\u7968","titleColor":"#fff","backgroundColor":"#1ba9ba","borderColor":"#1ba9ba"},"statusbar":{"background":"#1ba9ba","immersed":false},"appendCss":" .marginTop{margin-top:0!important;} .page-header{height:0!important;} .yo-header,.qn_header,.page-header,.m-download,.slog,.ope,.ad{display:none!important} #search .go-back{opacity:0} .page{padding-top:0!important;} .l-h.selCityTap{padding-top:40px!important;} .cal-header{top:0!important;} .flight-list.flight-show-one{margin-top:60px!important;} .flight-list-calendar .new-date-bar,.flight-list-calendar > div{top:0!important;} .flight-detail{padding-top:0!important;} .flight-list.flight-show-roundway{margin-top:46px!important;}"}},{"webviewId":"pages\/flight\/flightList","matchUrls":[{"pathname":["^\\\/h5\\\/flight\\\/$","^\\\/ncs\\\/page\\\/$","^\\\/inter\\\/flight_list$","^\\\/h5\\\/flight\\\/flightlist$","^\\\/ncs\\\/page\\\/flightlist$"]}],"webviewParameter":{"titleNView":{"titleText":"\u673a\u7968\u5217\u8868","titleColor":"#fff","backgroundColor":"#1ba9ba","borderColor":"#1ba9ba"},"statusbar":{"background":"#1ba9ba","immersed":false},"appendJs":"js\/directPage.js","appendCss":".i-arrow_left,.ad,.m-ad{display:none!important;}","subNViews":"pages\/flight\/flightList.nview"},"easyConfig":{"back":{"history":false,"selector":".icon.i-arrow_left.regret","before":[{"#calendar1":"#calendar1 .fc-cancel","#filter.active":"#filter .cancel"}]}}},{"webviewId":"pages\/flight\/flightDetail","matchUrls":[{"pathname":["^\\\/h5\\\/flight\\\/flightDetail$","^\\\/inter\\\/iflightDetail$","^\\\/ncs\\\/page\\\/flightdetail$"]}],"webviewParameter":{"subNViews":"pages\/flight\/flightList.nview","titleNView":false,"statusbar":{"background":"#1ba9ba","immersed":false},"appendCss":".ota_list .ota_list_tab .cabinTab {font-size:16px;}"},"easyConfig":{"back":{"history":false,"selector":".icon.i-arrow_left.regret","before":{".fd-endorse":".fd-endorse .fd-endorse-close"}}}},{"webviewId":"pages\/flight\/flightflightAV","matchUrls":[{"pathname":["^\\\/h5\\\/flight\\\/flightAV$","^\\\/h5\\\/flightns\\\/csj\\\/booking$","^\\\/h5\\\/tts\\\/book$","^\\\/flight\\\/tts\\\/book$","^\\\/h5\\\/flight\\\/flightAVRound$"]}],"webviewParameter":{"subNViews":"pages\/flight\/flightList.nview","titleNView":false,"statusbar":{"background":"#1ba9ba","immersed":false},"appendCss":".ota_list .ota_list_tab .cabinTab {font-size:16px;}"},"easyConfig":{"back":{"history":false,"selector":".icon.i-arrow_left.regret","before":{".fd-endorse":".fd-endorse .fd-endorse-close"}}}},{"webviewId":"pages\/flight\/pricetrendchart","matchUrls":[{"pathname":["^\\\/h5\\\/flight\\\/pricetrendchart$","^\\\/h5\\\/flight\\\/pricealert\\\/subscribeList$","^\\\/h5\\\/flight\\\/pricealert\\\/subscribeEditUI$"]}],"webviewParameter":{"subNViews":"pages\/common\/blue_head_autoHide.nview","titleNView":false,"statusbar":{"background":"#25a4bb"},"appendCss":""},"easyConfig":{"back":{"selector":".back"}}},{"webviewId":"subscribeCommit","matchUrls":[{"pathname":["^\\\/h5\\\/flight\\\/pricealert\\\/subscribeCommit$"]}],"webviewParameter":{"subNViews":"pages\/common\/blue_head_autoHide.nview","titleNView":false,"statusbar":{"background":"#1ba9ba"},"appendCss":""},"easyConfig":{"back":{"selector":".back"}}},{"webviewId":"flightStatusIndex","matchUrls":[{"pathname":["^\\\/h5\\\/flight\\\/flightStatus\\\/flightStatusIndex$"]}],"webviewParameter":{"subNViews":"pages\/common\/blue_head_autoHide.nview","titleNView":false,"statusbar":{"background":"#1ba9ba"},"appendCss":""},"easyConfig":{"history":false,"back":{"selector":".back"}}},{"webviewId":"flightneworderlist","matchUrls":[{"pathname":["^\\\/h5\\\/flight\\\/flightneworderlist$"]}],"webviewParameter":{"subNViews":"pages\/common\/blue_head_autoHide.nview","titleNView":false,"statusbar":{"background":"#1ba9ba"},"appendCss":""},"easyConfig":{"history":false,"back":{"selector":".icon.i-arrow_left.back,.load-fail-btn"}}},{"webviewId":"flightorderqmc","matchUrls":[{"pathname":["^\\\/h5\\\/flight\\\/flightorderqmc$"]}],"webviewParameter":{"subNViews":"pages\/common\/blue_head_autoHide.nview","titleNView":false,"statusbar":{"background":"#1ba9ba"},"appendCss":""},"easyConfig":{"history":false,"back":{"selector":"header .back"}}},{"webviewId":"flightorderqmc","matchUrls":[{"pathname":["^\\\/h5\\\/flight\\\/flightorderqmc$"]}],"webviewParameter":{"subNViews":"pages\/common\/blue_head_autoHide.nview","titleNView":false,"statusbar":{"background":"#1ba9ba"},"appendCss":""},"easyConfig":{"back":{"selector":"header .back"}}},{"webviewId":"flightorderdetail","matchUrls":[{"pathname":["^\\\/h5\\\/flight\\\/flightorderdetail$","^\\\/ncs\\\/page\\\/orderdetail$"]}],"webviewParameter":{"subNViews":"pages\/common\/blue_head_autoHide.nview","titleNView":false,"statusbar":{"background":"#1ba9ba"},"appendCss":"header .back{font-weight: 900!important;}"},"easyConfig":{"back":{"selector":"header .back"}}},{"webviewId":"flightbargainflight","matchUrls":[{"pathname":["^\\\/h5\\\/flight\\\/bargainflight$","^\\\/hy\\\/flight\\\/bargainflight$"]}],"webviewParameter":{"subNViews":"pages\/common\/blue_head_autoHide.nview","titleNView":false,"statusbar":{"background":"#1ba9ba"},"appendCss":""},"easyConfig":{"back":{"selector":"header .back"}}},{"webviewId":"qunarlist","matchUrls":[{"pathname":["^\\\/list\\.qunar$"]}],"webviewParameter":{"subNViews":"pages\/common\/blue_head_autoHide.nview","titleNView":false,"statusbar":{"background":"#cccccc"},"appendCss":".yo-header{background-color: #25a4bb;}.yo-header>.regret.yo-ico{color:#fff}"}},{"webviewId":"qunartejia","matchUrls":[{"pathname":["^\\\/tejia$"]}],"webviewParameter":{"subNViews":"pages\/common\/blue_head_autoHide.nview","titleNView":false,"statusbar":{"background":"#cccccc"},"appendCss":""}},{"webviewId":"detailqunar","matchUrls":[{"pathname":["^\\\/detail\\.qunar$","^\\\/\\\/d$"]}],"webviewParameter":{"subNViews":"pages\/common\/blue_head_autoHide.nview","titleNView":false,"statusbar":{"background":"#cccccc"},"appendCss":""}},{"webviewId":"pqdlist","matchUrls":[{"pathname":["^\\\/pqd\\\/list\\_\\w*"]}],"webviewParameter":{"subNViews":"pages\/common\/blue_head_autoHide.nview","titleNView":false,"statusbar":{"background":"#cccccc"},"appendCss":""},"easyConfig":{"back":{"before":[{".m-mask":".item.flex.react-cursor.js-on.item-on.vertical-line"}]}}},{"webviewId":"piedetail","matchUrls":[{"pathname":["^\\\/pi\\\/detail\\_[0-9]+$","^\\\/redirect$"]}],"webviewParameter":{"subNViews":"pages\/common\/blue_head_autoHide.nview","titleNView":false,"statusbar":{"background":"#cccccc"},"appendCss":""},"easyConfig":{"back":{"before":[{".regret.yo-ico.react-cursor":".regret.yo-ico.react-cursor"}]}}},{"webviewId":"oconfirm","matchUrls":[{"pathname":["^\\\/oconfirm\\.qnr$"]}],"webviewParameter":{"subNViews":"pages\/common\/blue_head_autoHide.nview","titleNView":false,"statusbar":{"background":"#cccccc"},"appendCss":""}},{"webviewId":"orqnr","matchUrls":[{"pathname":["^\\\/od\\.qnr$"]}],"webviewParameter":{"subNViews":"pages\/common\/blue_head_autoHide.nview","titleNView":false,"statusbar":{"background":"#cccccc"},"appendCss":""},"easyConfig":{"back":{"history":false}}},{"webviewId":"pages\/train\/train","matchUrls":[{"hostname":["^touch\\.train\\.qunar\\.com$"],"pathname":["^\\\/$","^\\\/index_intl\\.html$"]}],"webviewParameter":{"titleNView":{"titleText":"\u706b\u8f66\u7968\u67e5\u8be2","titleSize":"16px","titleColor":"#fff","backgroundColor":"#1ba9ba"},"statusbar":{"background":"#1ba9ba"},"appendCss":""},"easyConfig":{"back":{"history":true,"before":[{"#calendarPage":"#calendarPage .back a","#trainStationSug ":"#trainStationSug  .back a"}]}}},{"webviewId":"trainflagship","matchUrls":[{"hostname":["^touch\\.train\\.qunar\\.com$"],"pathname":["^\\\/h5\\\/train\\\/flagship\\\/TrainOrderFillRob$"]}],"webviewParameter":{"subNViews":"pages\/common\/blue_head_autoHide.nview","titleNView":false,"statusbar":{"background":"#25a4bb"},"appendCss":""},"easyConfig":{"back":{"history":true,"selector":".qn_header .back","before":[{"#calendarPage":"#calendarPage .back a","#trainStationSug ":"#trainStationSug  .back a"}]}}},{"webviewId":"pages\/train\/trainList","matchUrls":[{"pathname":["^\\\/trainList\\.html$","^\\\/trainNumList\\.html$"]}],"webviewParameter":{"titleNView":{"titleText":"\u706b\u8f66\u7968\u5217\u8868","titleSize":"16px","titleColor":"#fff","backgroundColor":"#1ba9ba"},"statusbar":{"background":"#1ba9ba"},"appendCss":".nav_back{display:none!important;}"}},{"webviewId":"trainOrderFillRob","matchUrls":[{"pathname":["^\\\/trainOrderFillRob\\.html$"]}],"webviewParameter":{"subNViews":"pages\/common\/blue_head_autoHide.nview","titleNView":false,"statusbar":{"background":"#cccccc"},"appendCss":""}},{"webviewId":"trainorderlist","matchUrls":[{"pathname":["^\\\/h5\\\/train\\\/trainorderlist$","^\\\/h5\\\/train\\\/trainorderdetail$"]}],"webviewParameter":{"subNViews":"pages\/common\/blue_head_autoHide.nview","titleNView":false,"statusbar":{"background":"#cccccc"},"appendCss":""}},{"webviewId":"trainList_Card","matchUrls":[{"pathname":["^\\\/trainList_Card\\.html$"]}],"webviewParameter":{"subNViews":"pages\/common\/blue_head_autoHide.nview","titleNView":false,"statusbar":{"background":"#1ba9ba"},"appendCss":""}},{"webviewId":"flagshipLogin","matchUrls":[{"pathname":["^\\\/login12306\\.html$"]}],"webviewParameter":{"subNViews":"pages\/common\/blue_head_autoHide.nview","titleNView":false,"statusbar":{"background":"#cccccc"},"appendCss":""}},{"webviewId":"trainOrderFillOpt","matchUrls":[{"pathname":["^\\\/h5\\\/train\\\/trainOrderFillOpt$","^\\\/trainOrderFill\\.html$"]}],"webviewParameter":{"subNViews":"pages\/common\/blue_head_autoHide.nview","titleNView":false,"statusbar":{"background":"#cccccc"},"appendCss":""},"easyConfig":{"back":{"history":true}}},{"webviewId":"h5bus","matchUrls":[{"pathname":["^\\\/h5\\\/bus$"]}],"webviewParameter":{"titleNView":{"type":"transparent","titleText":""},"statusbar":{"background":"#cccccc"},"appendCss":".nav_back{display:none!important;} .nav_question{top:25px!important;}"},"easyConfig":{"back":{"history":true,"before":[{"#stationFrom":"#stationFrom .back a","#stationEnd":"#stationEnd .back a","#calendarPage":"#calendarPage .back a"}]}}},{"webviewId":"busLists","matchUrls":[{"pathname":["^\\\/h5\\\/bus\\\/busList\\.html$"]}],"webviewParameter":{"subNViews":"pages\/common\/blue_head_autoHide.nview","titleNView":false,"statusbar":{"background":"#cccccc"},"appendCss":".item.nav_title{margin-left: -38px;}.login.return_query{right: 80px;}"}},{"webviewId":"busbusDetail","matchUrls":[{"pathname":["^\\\/h5\\\/bus\\\/busDetail\\.html$"]}],"webviewParameter":{"subNViews":"pages\/common\/blue_head_autoHide.nview","titleNView":false,"statusbar":{"background":"#cccccc"},"appendCss":""}},{"webviewId":"appkf","matchUrls":[{"pathname":["^\\\/app\\\/kf\\.htm$"]}],"webviewParameter":{"subNViews":"pages\/common\/blue_head_autoHide.nview","titleNView":false,"statusbar":{"background":"#cccccc"},"appendCss":""}},{"webviewId":"readyTicket","matchUrls":[{"pathname":["^\\\/h5\\\/bus\\\/readyTicket\\.html$"]}],"webviewParameter":{"subNViews":"pages\/common\/blue_head_autoHide.nview","titleNView":false,"statusbar":{"background":"#cccccc"},"appendCss":""},"easyConfig":{"back":{"history":false,"before":[{".qn_fullpage_mask":".qn_fullpage_mask_close"}]}}},{"webviewId":"selectShip","matchUrls":[{"pathname":["^\\\/h5\\\/bus\\\/selectShip\\.html$"]}],"webviewParameter":{"subNViews":"pages\/common\/blue_head_autoHide.nview","titleNView":false,"statusbar":{"background":"#00bcd4"},"appendCss":""},"easyConfig":{"back":{"history":false}}},{"webviewId":"shipList","matchUrls":[{"pathname":["^\\\/h5\\\/bus\\\/shipList\\.html$"]}],"webviewParameter":{"subNViews":"pages\/common\/blue_head_autoHide.nview","titleNView":false,"statusbar":{"background":"#cccccc"},"appendCss":""},"easyConfig":{"back":{"before":[{".maskDom":".menu.block-menu"}]}}},{"webviewId":"shipListorderdetail","matchUrls":[{"pathname":["^\\\/h5\\\/coach\\\/order\\\/detail\\.htm$"]}],"webviewParameter":{"subNViews":"pages\/common\/blue_head_autoHide.nview","titleNView":false,"statusbar":{"background":"#cccccc"},"appendCss":""}},{"webviewId":"hybusqunarcom","matchUrls":[{"hostname":["^hy\\.bus\\.qunar\\.com$"],"pathname":["^\\\/index\\.html$"]}],"webviewParameter":{"subNViews":"pages\/common\/blue_head_autoHide.nview","titleNView":false,"statusbar":{"background":"#cccccc"},"appendCss":""},"easyConfig":{"back":{"selector":".regret"}}},{"webviewId":"checheindex","matchUrls":[{"hostname":["^cheche\\.qunar\\.com$","^m\\.ctrip\\.com$"],"pathname":["^\\\/$","^\\\/webapp\\\/car$"]}],"webviewParameter":{"subNViews":"pages\/common\/blue_head_autoHide.nview","replacewebapi":{"geolocation":"auto"},"titleNView":false,"statusbar":{"background":"#cccccc"},"appendCss":""},"easyConfig":{"reload":true,"back":{"selector":".regret","before":[{".view.cui-mask.car-mask":".car-guide"}]}}},{"webviewId":"carqunarcom","matchUrls":[{"pathname":["^\\\/webapp\\\/carch\\\/home$","^\\\/webapp\\\/carch\\\/chf\\\/train$"]}],"webviewParameter":{"subNViews":"pages\/common\/blue_head_autoHide.nview","titleNView":false,"statusbar":{"background":"#cccccc"},"appendCss":""},"easyConfig":{"back":{"before":[{".car-layer.cui-layer":".j_car_ui_activity_close"}]}}},{"webviewId":"carchztcoch","matchUrls":[{"pathname":["^\\\/webapp\\\/carch\\\/rtn\\\/index$","^\\\/webapp\\\/carch\\\/ztc\\\/search$","^\\\/webapp\\\/carch\\\/day\\\/index$","^\\\/webapp\\\/carch\\\/och\\\/quick$","^\\\/webapp\\\/cars\\\/isd\\\/isd$","^\\\/webapp\\\/ddriver\\\/onbehalf\\\/index$","^\\\/webapp\\\/cars\\\/osd\\\/osd\\\/osdindex$"]}],"webviewParameter":{"subNViews":"pages\/common\/blue_head_autoHide.nview","replacewebapi":{"geolocation":"auto"},"titleNView":false,"statusbar":{"background":"#cccccc"},"appendCss":".drive-index-back{position: fixed;}"}},{"webviewId":"carunionorderlist","matchUrls":[{"pathname":["^\\\/webapp\\\/myctrip\\\/orders\\\/carunionorderlist$"]}],"webviewParameter":{"subNViews":"pages\/common\/blue_head_autoHide.nview","titleNView":false,"statusbar":{"background":"#cccccc"},"appendCss":""}},{"webviewId":"carunionorderlist_login","matchUrls":[{"pathname":["\\\/H5Login\\\/.*"]}],"webviewParameter":{"subNViews":"pages\/common\/blue_head_autoHide.nview","titleNView":false,"statusbar":{"background":"#cccccc"},"appendCss":""}},{"webviewId":"carunionorderlist_threelogin","matchUrls":[{"hostname":["^graph\\.qq\\.com$","^openapi\\.baidu\\.com$","^api\\.weibo\\.com$"],"pathname":["^\\\/oauth2\\.0\\\/authorize$","^\\\/oauth\\\/2\\.0\\\/authorize$","^\\\/oauth2\\\/authorize$"]}],"webviewParameter":{"titleNView":{"titleText":"\u7b2c\u4e09\u65b9\u767b\u5f55","titleColor":"#333","backgroundColor":"#fff","borderColor":"#ccc"},"statusbar":{"background":"#cccccc"},"appendCss":""}},{"webviewId":"carunionlivechath5","matchUrls":[{"pathname":["^\\\/webapp\\\/livechath5\\\/chat$"]}],"webviewParameter":{"subNViews":"pages\/common\/white_head_autoHide.nview","titleNView":false,"statusbar":{"background":"#cccccc"},"appendCss":""}},{"webviewId":"webappcarchlist","matchUrls":[{"pathname":["^\\\/webapp\\\/carch\\\/chf\\\/list$","^\\\/webapp\\\/carch\\\/rtn\\\/list$"]}],"webviewParameter":{"subNViews":"pages\/common\/blue_head_autoHide.nview","titleNView":false,"statusbar":{"background":"#cccccc"},"appendCss":""},"easyConfig":{"back":{"history":false}}},{"webviewId":"taxipush","matchUrls":[{"pathname":["^\\\/taxipush\\.jsp$","^\\\/CharteredCar\\\/index\\.jsp$","^\\\/taxicatch\\.jsp$","^\\\/CharteredCar\\\/index\\.jsp$"]}],"webviewParameter":{"subNViews":"pages\/common\/blue_head_autoHide.nview","titleNView":false,"statusbar":{"background":"#cccccc"},"appendCss":""}},{"webviewId":"CharteredCarabout","matchUrls":[{"pathname":["^\\\/CharteredCar\\\/about\\.jsp$",false]}],"webviewParameter":{"subNViews":"pages\/common\/blue_head_autoHide.nview","titleNView":false,"statusbar":{"background":"#cccccc"},"appendCss":""}},{"webviewId":"ctrip_regbag","matchUrls":[{"pathname":["^\\\/webapp\\\/cars\\\/mkt\\\/act\\\/promotion$"]}],"webviewParameter":{"subNViews":"pages\/common\/blue_head_autoHide.nview","titleNView":false,"statusbar":{"background":"#cccccc"},"appendCss":""}},{"webviewId":"cars_urban","matchUrls":[{"pathname":["^\\\/webapp\\\/cars\\\/mkt\\\/IdCard$"]}],"webviewParameter":{"subNViews":"pages\/common\/blue_head_autoHide.nview","titleNView":false,"statusbar":{"background":"#cccccc"},"appendCss":""}},{"webviewId":"taxi_urban","matchUrls":[{"pathname":["^\\\/taxi_urban\\.jsp$","^\\\/train\\.jsp$","^\\\/selfDrive\\\/$","^\\\/touch\\\/index\\\/1$"]}],"webviewParameter":{"subNViews":"pages\/common\/blue_head_autoHide.nview","titleNView":false,"statusbar":{"background":"#cccccc"},"appendCss":""}},{"webviewId":"lvdjIndex","matchUrls":[{"hostname":["^touch\\.dujia\\.qunar\\.com$","^clk\\.qunar\\.com$"],"pathname":["^\\\/t$","^\\\/$"]}],"webviewParameter":{"subNViews":"pages\/common\/blue_head_autoHide.nview","titleNView":false,"statusbar":{"background":"#ffffff"},"appendCss":".mp-download-inner,.mp-download{display:none!important;}"}},{"webviewId":"aroundhot","matchUrls":[{"pathname":["^\\\/p\\\/list$"]}],"webviewParameter":{"subNViews":"pages\/common\/blue_head_autoHide.nview","titleNView":false,"statusbar":{"background":"#cccccc"},"appendCss":""},"easyConfig":{"back":{"before":[{"#list-filter .m-mask":".react-cursor.js-on.item-on"}]}}},{"webviewId":"webchat","matchUrls":[{"pathname":["^\\\/cart\\.qnr$","^\\\/webchat\\\/conlist$"]}],"webviewParameter":{"subNViews":"pages\/common\/blue_head_autoHide.nview","titleNView":false,"statusbar":{"background":"#cccccc"},"appendCss":""}},{"webviewId":"lvdj_child_middle","matchUrls":[{"pathname":["^\\\/aroundIndex\\.qunar$","^\\\/domestic\\\/index\\.qunar$","^\\\/abroad\\\/index\\.qunar$","^\\\/cruiseChannel\\.qunar$","^\\\/aroundList\\.qunar$"]}],"webviewParameter":{"subNViews":"pages\/common\/white_head_autoHide.nview","replacewebapi":{"geolocation":"auto"},"titleNView":false,"statusbar":{"background":"#cccccc"},"appendCss":""}},{"webviewId":"lvdj_child_bottom","matchUrls":[{"pathname":["^\\\/group\\\/index\\.qunar$","^\\\/freetrip\\\/index\\.qunar$","^\\\/c2b\\\/index\\.qnr$","^\\\/touch\\\/car\\\/index\\.qnr$","^\\\/visaChannel\\.qunar$","^\\\/touch\\\/index$","^\\\/dTour\\\/index\\.qunar$","^\\\/global$"]}],"webviewParameter":{"subNViews":"pages\/common\/white_head_autoHide.nview","titleNView":false,"statusbar":{"background":"#cccccc"},"appendCss":""}},{"webviewId":"dujiaugc","matchUrls":[{"hostname":["^ugc\\.dujia\\.qunar\\.com$"],"pathname":["^\\\/$"]}],"webviewParameter":{"subNViews":"pages\/common\/white_head_autoHide.nview","titleNView":false,"statusbar":{"background":"#cccccc"},"appendCss":".m-header .regret.yo-ico{font-size:22px}"},"easyConfig":{"back":{"before":[{".preview-box.ani":""}]}}},{"webviewId":"olqnr","matchUrls":[{"pathname":["^\\\/ol\\.qnr$","^\\\/fh\\\/orders$","^\\\/sh\\\/orders$","^\\\/orderList\\.qunar$"]}],"webviewParameter":{"subNViews":"pages\/common\/blue_head_autoHide.nview","titleNView":false,"statusbar":{"background":"#cccccc"},"appendCss":".qn_footer{display:none!important;}"},"easyConfig":{"back":{"history":false}}},{"webviewId":"touchpiaoqunarcom","matchUrls":[{"hostname":["^touch\\.piao\\.qunar\\.com$"],"pathname":["^\\\/$"]}],"webviewParameter":{"subNViews":"pages\/common\/blue_head_autoHide.nview","titleNView":false,"statusbar":{"background":"#cccccc"},"appendCss":".mpw-download{display:none!important}#main-page{padding-top: 1.01rem;}.mp-header{position: fixed; width: 100%; left: 0;top: 0;z-index: 100;}"},"easyConfig":{"back":{"history":true,"before":[{"#query.ani-cur":"#query .regret.yo-ico","#dep.ani-cur":"#dep .regret.yo-ico.react-event"}]}}},{"webviewId":"touchpiaoCityList","matchUrls":[{"hostname":["^touch\\.piao\\.qunar\\.com$"],"pathname":["^\\\/touch\\\/toNewCityList\\.htm$"]}],"webviewParameter":{"subNViews":"pages\/common\/blue_head_autoHide.nview","titleNView":false,"statusbar":{"background":"#cccccc"},"appendCss":""},"easyConfig":{"back":{"history":true,"before":[{"#query.ani-cur":"#query .regret.yo-ico","#dep.ani-cur":"#dep .regret.yo-ico.react-event"}]}}},{"webviewId":"touchindex","matchUrls":[{"pathname":["^\\\/touch\\\/index\\.htm$"]}],"webviewParameter":{"subNViews":"pages\/common\/blue_head_autoHide.nview","titleNView":false,"statusbar":{"background":"#cccccc"},"appendCss":""}},{"webviewId":"touchlist","matchUrls":[{"pathname":["^\\\/touch\\\/list\\_"]}],"webviewParameter":{"subNViews":"pages\/common\/blue_head_autoHide.nview","titleNView":false,"statusbar":{"background":"#cccccc"},"appendCss":".mp-header-left{line-height: .93rem;font-size: 22px;}.mp-filter.mpf-border-bottom.mp-filter-fixed{top:1.01rem}"}},{"webviewId":"touchdetail","matchUrls":[{"pathname":["^\\\/touch\\\/detail\\_[0-9]+","^\\\/touch\\\/detail\\.htm$","^\\\/touch\\\/productdetail\\.htm$"]}],"webviewParameter":{"subNViews":"pages\/common\/blue_head_autoHide.nview","titleNView":false,"statusbar":{"background":"#cccccc"},"appendCss":"#affirm2{display:none!important}#j-cart{right:50px!important}"}},{"webviewId":"productdetail","matchUrls":[{"pathname":["^\\\/touch\\\/weekend\\\/productdetail\\.htm$"]}],"webviewParameter":{"subNViews":"pages\/common\/blue_head_autoHide.nview","titleNView":false,"statusbar":{"background":"#cccccc"},"appendCss":""}},{"webviewId":"onedaytour","matchUrls":[{"pathname":["^\\\/touch\\\/product\\\/spu\\\/onedaytour\\.htm$"]}],"webviewParameter":{"subNViews":"pages\/common\/blue_head_autoHide.nview","titleNView":false,"statusbar":{"background":"#cccccc"},"appendCss":""}},{"webviewId":"touchdetailcomment","matchUrls":[{"pathname":["^\\\/touch\\\/sight\\\/comment\\.htm$"]}],"webviewParameter":{"subNViews":"pages\/common\/blue_head_autoHide.nview","titleNView":false,"statusbar":{"background":"#cccccc"},"appendCss":""}},{"webviewId":"productdetailcomment","matchUrls":[{"pathname":["^\\\/touch\\\/weekend\\\/comment\\.htm$","^\\\/touch\\\/weekend\\\/sightintroduction\\.htm$","^\\\/touch\\\/weekend\\\/aroundsights\\.htm$","^\\\/touch\\\/weekend\\\/sightmap\\.htm$","^\\\/touch\\\/sight\\\/comment\\.htm$"]}],"webviewParameter":{"subNViews":"pages\/common\/blue_head_autoHide.nview","titleNView":false,"statusbar":{"background":"#cccccc"},"appendCss":""}},{"webviewId":"introduction","matchUrls":[{"pathname":["^\\\/touch\\\/sight\\\/introduction\\.htm$"]}],"webviewParameter":{"subNViews":"pages\/common\/blue_head_autoHide.nview","titleNView":false,"statusbar":{"background":"#cccccc"},"appendCss":""}},{"webviewId":"touchorderform","matchUrls":[{"pathname":["^\\\/touch\\\/order\\\/form\\.htm$"]}],"webviewParameter":{"subNViews":"pages\/common\/blue_head_autoHide.nview","titleNView":false,"statusbar":{"background":"#cccccc"},"appendCss":""}},{"webviewId":"pooptions","matchUrls":[{"pathname":["^\\\/p\\\/ooptions$"]}],"webviewParameter":{"subNViews":"pages\/common\/blue_head_autoHide.nview","titleNView":false,"statusbar":{"background":"#cccccc"},"appendCss":""}},{"webviewId":"pobooking","matchUrls":[{"pathname":["^\\\/p\\\/obooking$"]}],"webviewParameter":{"subNViews":"pages\/common\/blue_head_autoHide.nview","titleNView":false,"statusbar":{"background":"#ffffff"}}},{"webviewId":"qunarcom_tuan","matchUrls":[{"pathname":["^\\\/tuan\\.qunar$"]}],"webviewParameter":{"subNViews":"pages\/common\/blue_head_autoHide.nview","titleNView":false,"statusbar":{"background":"#cccccc"},"appendCss":".yo-header{border-bottom: 1px solid #00a8bc;background-color: #00a8bc;}.yo-header>.regret.yo-ico{font-size: 22px;}.yo-header>.regret{padding-left: .1rem;}.search-container{background-color: #00a8bc;}"}},{"webviewId":"jr","matchUrls":[{"hostname":["^jr\\.qunar\\.com$"],"pathname":["^\\\/m\\\/financecenter\\\/index\\.htm$"]}],"webviewParameter":{"subNViews":"pages\/common\/white_head_autoHide.nview","titleNView":false,"statusbar":{"background":"#cccccc"},"appendCss":""}},{"webviewId":"baoxian","matchUrls":[{"hostname":["^bao\\.qunar\\.com$"],"pathname":["^\\\/m\\\/financecenter\\\/index\\.htm$","^\\\/index$"]}],"webviewParameter":{"replacewebapi":{"geolocation":"auto"},"statusbar":{"background":"#cccccc"},"appendCss":".qmall-header{display:none!important;}#superCon #inde,.R-page{padding-top:0!important;} .sticky-tabs{top:0!important;}"}},{"webviewId":"baoxianDetail","matchUrls":[{"hostname":["^bao\\.qunar\\.com$"],"pathname":["\\\/item\\\/[0-9A-Za-z_]{0,}"]}],"webviewParameter":{"replacewebapi":{"geolocation":"auto"},"titleNView":{"titleText":"\u63d0\u4ea4\u4fdd\u5355"},"statusbar":{"background":"#cccccc"},"appendCss":".qmall-header{display:none!important;}#superCon #index,#booking{padding-top:0!important;}"},"easyConfig":{"back":{"history":true}}},{"webviewId":"shoppingapp","matchUrls":[{"pathname":["^\\\/shopping\\\/app\\.html$"]}],"webviewParameter":{"subNViews":"pages\/common\/white_head_autoHide.nview","titleNView":false,"statusbar":{"background":"#cccccc"},"appendCss":""}},{"webviewId":"visaWifi","matchUrls":[{"pathname":["^\\\/visaWifi\\.qunar$"]}],"webviewParameter":{"subNViews":"pages\/common\/blue_head_autoHide.nview","titleNView":false,"statusbar":{"background":"#cccccc"},"appendCss":""}},{"webviewId":"overseasproduct","matchUrls":[{"pathname":["^\\\/app\\\/overseas\\\/product\\\/list\\.html$"]}],"webviewParameter":{"subNViews":"pages\/common\/white_head_autoHide.nview","titleNView":false,"statusbar":{"background":"#cccccc"},"appendCss":""}},{"webviewId":"overproductdetail","matchUrls":[{"pathname":["^\\\/touch\\\/product\\\/detail\\\/[0-9]+"]}],"webviewParameter":{"subNViews":"pages\/common\/white_head_autoHide.nview","titleNView":false,"statusbar":{"background":"#cccccc"},"appendCss":""}},{"webviewId":"ordercreate","matchUrls":[{"pathname":["^\\\/touch\\\/product\\\/create\\\/[0-9]+"]}],"webviewParameter":{"subNViews":"pages\/common\/blue_head_autoHide.nview","titleNView":false,"statusbar":{"background":"#cccccc"},"appendCss":""}},{"webviewId":"orderpay-confirm","matchUrls":[{"pathname":["^\\\/touch\\\/product\\\/pay-confirm\\\/[0-9]+"]}],"webviewParameter":{"subNViews":"pages\/common\/blue_head_autoHide.nview","titleNView":false,"statusbar":{"background":"#cccccc"},"appendCss":""}},{"webviewId":"aroundIndex_child","matchUrls":[{"pathname":["^\\\/app\\\/overseas\\\/index\\.html$"]}],"webviewParameter":{"subNViews":"pages\/common\/blue_head_autoHide.nview","titleNView":false,"statusbar":{"background":"#cccccc"},"appendCss":""},"easyConfig":{"back":{"before":[{"#query.ani-cur":".affirm.react-event"}]}}},{"webviewId":"onedaytourindex","matchUrls":[{"pathname":["^\\\/touch\\\/channel\\\/onedaytour\\\/index\\.htm$"]}],"webviewParameter":{"subNViews":"pages\/common\/blue_head_autoHide.nview","titleNView":false,"statusbar":{"background":"#cccccc"},"appendCss":""}},{"webviewId":"touch_oneday","matchUrls":[{"pathname":["^\\\/touch\\\/list\\.htm$"]}],"webviewParameter":{"subNViews":"pages\/common\/blue_head_autoHide.nview","titleNView":false,"statusbar":{"background":"#cccccc"},"appendCss":".mp-header-left{line-height: .93rem;font-size: 22px;}"}},{"webviewId":"campaign","matchUrls":[{"pathname":["^\\\/campaign\\\/page\\\/index\\.htm$"]}],"webviewParameter":{"subNViews":"pages\/common\/blue_head_autoHide.nview","titleNView":false,"statusbar":{"background":"#cccccc"},"appendCss":".mp-header-left{line-height: .93rem;font-size: 22px;}"},"easyConfig":{"back":{"before":[{".mp-guidanimation":".mp-guidanimation-close"}]}}},{"webviewId":"topicmk","matchUrls":[{"pathname":["\\\/touch\\\/topic\\\/mk\\\/t\\_[0-9]+\\.htm"]}],"webviewParameter":{"subNViews":"pages\/common\/blue_head_autoHide.nview","titleNView":false,"statusbar":{"background":"#cccccc"},"appendCss":"#jq-appendDIV,#jq-download{display:none!important;}"}},{"webviewId":"campainmyRecord","matchUrls":[{"pathname":["^\\\/order\\\/page\\\/myRecord\\.htm$"]}],"webviewParameter":{"subNViews":"pages\/common\/blue_head_autoHide.nview","titleNView":false,"statusbar":{"background":"#cccccc"},"appendCss":""}},{"webviewId":"campaignlist","matchUrls":[{"pathname":["^\\\/campaign\\\/page\\\/list\\.htm$","^\\\/campaign\\\/page\\\/typeList\\.htm$"]}],"webviewParameter":{"subNViews":"pages\/common\/blue_head_autoHide.nview","titleNView":false,"statusbar":{"background":"#cccccc"},"appendCss":""}},{"webviewId":"campaigndetail","matchUrls":[{"pathname":["^\\\/campaign\\\/detail\\.htm$"]}],"webviewParameter":{"subNViews":"pages\/common\/blue_head_autoHide.nview","titleNView":false,"statusbar":{"background":"#cccccc"},"appendCss":""}},{"webviewId":"campaigncommentList","matchUrls":[{"pathname":["^\\\/campaign\\\/page\\\/commentList\\.htm$"]}],"webviewParameter":{"subNViews":"pages\/common\/blue_head_autoHide.nview","titleNView":false,"statusbar":{"background":"#cccccc"},"appendCss":""}},{"webviewId":"orderpageform","matchUrls":[{"pathname":["^\\\/order\\\/page\\\/form\\.htm$"]}],"webviewParameter":{"subNViews":"pages\/common\/blue_head_autoHide.nview","titleNView":false,"statusbar":{"background":"#cccccc"},"appendCss":""}},{"webviewId":"carlinebooking","matchUrls":[{"pathname":["^\\\/web\\\/carline\\\/booking\\\/search$"]}],"webviewParameter":{"titleNView":{"titleText":"\u8d85\u7ea7\u5df4\u58eb","titleColor":"#fff","backgroundColor":"#00bbd4"},"statusbar":{"background":"#cccccc"},"appendCss":"#page_header{display:none!important;}"}},{"webviewId":"searchresult","matchUrls":[{"pathname":["^\\\/intention\\\/productlistmore\\.htm$"]}],"webviewParameter":{"subNViews":"pages\/common\/white_head_autoHide.nview","titleNView":false,"statusbar":{"background":"#cccccc"},"appendCss":""}},{"webviewId":"pages\/pay\/pay","matchUrls":[{"pathname":["^\\\/touch\\\/touchCashier$","^\\\/h5\\\/hotel\\\/hotelpaymethod$","^\\\/h5\\\/coach\\\/pay\\\/submit\\.json$","^\\\/cashier\\\/touchPayment$","^\\\/pay\\.qnr$","^\\\/h5\\\/group\\\/groupPayMethod$","^\\\/hotel\\\/hotelpaymethod$","^\\\/h5\\\/flight\\\/flightPayMethod$","^\\\/touch\\\/pay\\\/payment\\.htm$","^\\\/h5\\\/train\\\/trainpaymethod$","^\\\/ncs\\\/api\\\/pay\\\/cashurl$","\\\/touch\\\/order\\\/toPay"]}],"webviewParameter":{"subNViews":"pages\/common\/white_head_autoHide.nview","titleNView":false,"statusbar":{"background":"#cccccc"},"appendCss":"#orderDetails{padding-top: 10px;}"}},{"webviewId":"forgotPass","matchUrls":[{"hostname":["^pay\\.qunar\\.com$"],"pathname":["^\\\/mobile\\\/h5\\\/personalcenter\\\/sensitive\\\/forgotpwd\\.htm$"]}]},{"webviewId":"common","matchUrls":[{"pathname":[".*"]}],"webviewParameter":{"titleNView":{"autoBackButton":true,"backgroundColor":"#F7F7F7","titleColor":"#000000","titleSize":"17px","borderColor":"#CCCCCC"},"statusbar":{"immersed":false}}}]}