{"match":[{"domain":"nuomi.com","rule":".*"}],"statusbar":{"immersed":false},"global":{"back":{"history":true,"back":{"before":[{".mask":".mask .close","eventType":"tap"}]}},"webviewParameter":{"titleNView":{"autoBackButton":true,"titleColor":"#000000","borderColor":"#cccccc","backgroundColor":"#f7f7f7"},"appendCss":".unpaid-order-tab,.wap .index-con .bg-img,#stickyTab,#tabs-container,.index-con .card-container,.calendar-bar-wrapper{top:0!important;}#ugc-entrance-holder,.ocm-head-nav,.occ-head-nav,.nav-header,.scenery-nav,#common-widget-nav,.ca-header,.refund-link,.header-btns,.c-list-poi-download-box,.na-download,.page-header,#header,header,.j-title,.refund-link,.third-login,.BNJS-download-mask,.movieindex-widget-pushmobile,footer{display:none!important;height:0;} .BNJS-body-with-title-bar,.wap .index-con{padding-top:0!important;} .index-con .card-container{top:44px;} .unpaid-order-list-page .unpaid-order-wrapper{padding-top:44px;} .wap.page-list{padding-top:40px!important;}.ca-wap,.page-booking.wap,.wap.page-passengerform,.collect_wrap .list-wrap,.page-schedulelist{margin-top:0!important;}"}},"pages":[{"webviewId":"__W2A__m.nuomi.com","matchUrls":[{"hostname":["^m\\.nuomi\\.com$"],"pathname":["^\\\/?$"]}],"webviewParameter":{"appendCss":"header{display:block!important;}"}},{"webviewId":"toutiao","matchUrls":[{"hostname":["^m\\.nuomi\\.com$","^chi\\.nuomi\\.com$"],"pathname":["^\\\/bizareatop\\\/homefeed\\.html$"]}],"webviewParameter":{"titleNView":{"titleText":"\u7cef\u7c73\u5546\u5708\u5934\u6761"}}},{"webviewId":"search","matchUrls":[{"hostname":["^m\\.nuomi\\.com$"],"pathname":["^\\\/webapp\\\/tuan\\\/search$"]}],"webviewParameter":{"subNViews":"pages\/common\/red_head.nview","titleNView":false,"appendCss":"header{display:block!important;}"}},{"webviewId":"pages\/user\/user","matchUrls":[{"hostname":["^m\\.nuomi\\.com$"],"pathname":["^\\\/webapp\\\/user\\\/mine$"]}],"webviewParameter":{"titleNView":{"titleText":"\u6211\u7684\u7cef\u7c73","backgroundColor":"#ff4683","borderColor":"#ff4683","titleColor":"#fff"},"appendCss":"header,.third-login,.refund-link,footer{display:none!important;} .layer-account{display:block!important;}"}},{"webviewId":"pages\/user\/userInfo","matchUrls":[{"hostname":["^m\\.nuomi\\.com$","^chi\\.nuomi\\.com$"],"pathname":["^\\\/webapp\\\/user\\\/userinfo$","^\\\/component\\\/pinecone_order\\\/order-list\\\/order-list\\.html$","^\\\/component\\\/ktv\\\/entry\\\/order\\\/list\\.html$","^\\\/award\\\/mine\\.html$","^\\\/webapp\\\/user\\\/orderlist$","^\\\/webapp\\\/user\\\/wishlist$","^\\\/webapp\\\/user\\\/gcard$","^\\\/webapp\\\/static\\\/voucherhelp$"]}],"webviewParameter":{"titleNView":{"backgroundColor":"#ff4683","borderColor":"#ff4683","titleColor":"#fff"},"appendCss":"header,#header,footer{display:none!important;} .collect_wrap .list-wrap{margin-top:0!important;}"}},{"webviewId":"pages\/user\/userInfoInfo","matchUrls":[{"hostname":["^m\\.nuomi\\.com$","^wappass\\.baidu\\.com$"],"pathname":["^\\\/wp\\\/wappassword$","^\\\/webapp\\\/user\\\/AddressList$","^\\\/webapp\\\/common\\\/staticuser$"]}],"webviewParameter":{}},{"webviewId":"pages\/user\/userAddAddress","matchUrls":[{"hostname":["^m\\.nuomi\\.com$"],"pathname":["^\\\/webapp\\\/user\\\/AddressOp$"]}],"webviewParameter":{"titleNView":{"titleText":"\u7f16\u8f91\u65b0\u5730\u5740"}}},{"webviewId":"newHead","matchUrls":[{"hostname":["^d\\.nuomi\\.com$","^m\\.nuomi\\.com$"],"pathname":["\\\/component\\\/cuisine\\-home\\\/.*","^\\\/component\\\/bj_pinecone_beauty\\\/html\\\/home\\.html$","^\\\/component\\\/ktv-home\\\/html\\\/home\\.html$","^\\\/component\\\/decoration-home\\\/html\\\/home\\.html$"]}],"webviewParameter":{"titleNView":{"type":"transparent","titleText":"","autoBackButton":true},"appendCss":".simple-dropdown,.drop-down-city-list,.simple-sort-dropdown,.multi-line-dropdown{top:80px!important} #stickyTab.fixed,#menuTab{top:40px!important;}.poi-list-container{padding-top:40px!important;}"}},{"webviewId":"pages\/index\/huodong","matchUrls":[{"hostname":["^huodong\\.nuomi\\.com$"],"pathname":["^\\\/actshow\\\/mobile\\\/common\\\/short\\\/newmrh_wap$"]}],"webviewParameter":{"titleNView":{"titleText":{"auto":true}}}},{"webviewId":"pages\/shop\/huodongShop","matchUrls":[{"hostname":["^m\\.nuomi\\.com$"],"pathname":["^\\\/deal\\\/l00scbcav$","^\\\/deal\\\/view$","^\\\/deal\\\/.*"]}],"webviewParameter":{"subNViews":"pages\/shop\/shop_detail.nview","titleNView":{"buttons":[{"float":"right","fontSize":"16px","fontSrc":"_www\/fonts\/iconfont.ttf","text":"\ue62e","onclick":"javascript:plus.webview.getWebviewById('pages\/shop\/huodongShop').evalJS('document.querySelector(\\'.home-icon\\').click();')"},{"float":"right","fontSize":"16px","fontSrc":"_www\/fonts\/iconfont.ttf","text":"\ue622","onclick":"javascript:plus.webview.getWebviewById('pages\/shop\/huodongShop').evalJS('var search = document.querySelector(\\'.search-icon\\'); if(search){search.click();}')"}],"type":"transparent","backgroundColor":"#ff4683","borderColor":"#ff4683","titleColor":"#fff"}}},{"webviewId":"pages\/shop\/mshop","matchUrls":[{"pathname":["^\\\/mshop\\\/.*","^\\\/component\\\/merchant\\\/home\\\/index\\.html$","^\\\/webapp\\\/tuan\\\/detail$"]}],"webviewParameter":{"subNViews":"pages\/shop\/shop.nview","titleNView":{"buttons":[{"float":"right","fontSize":"16px","fontSrc":"_www\/fonts\/iconfont.ttf","text":"\ue60e","onclick":"javascript:plus.webview.getWebviewById('pages\/shop\/shop').evalJS('document.querySelector(\\'.icon-more\\').click();')"},{"float":"right","fontSize":"16px","fontSrc":"_www\/fonts\/iconfont.ttf","text":"\ue72d","onclick":"javascript:plus.webview.getWebviewById('pages\/shop\/shop').evalJS('var collect = document.querySelector(\\'.icon-collection\\'), collected = document.querySelector(\\'.icon-collected\\'); if(collect){collect.click();} if(collected){collected.click();}')"}],"type":"transparent","backgroundColor":"#ff4683","borderColor":"#ff4683","titleColor":"#fff"}}},{"webviewId":"pages\/shop\/shop","matchUrls":[{"pathname":["^\\\/component$"],"search":["comppage=home","comppage=index","comppage=poi"]}],"webviewParameter":{"subNViews":"pages\/shop\/shop.nview","titleNView":{"buttons":[{"float":"right","fontSize":"16px","fontSrc":"_www\/fonts\/iconfont.ttf","text":"\ue60e","onclick":"javascript:plus.webview.getWebviewById('pages\/shop\/shop').evalJS('document.querySelector(\\'.icon-more\\').click();')"},{"float":"right","fontSize":"16px","fontSrc":"_www\/fonts\/iconfont.ttf","text":"\ue72d","onclick":"javascript:plus.webview.getWebviewById('pages\/shop\/shop').evalJS('var collect = document.querySelector(\\'.icon-collection\\'), collected = document.querySelector(\\'.icon-collected\\'); if(collect){collect.click();} if(collected){collected.click();}')"}],"type":"transparent","backgroundColor":"#ff4683","borderColor":"#ff4683","titleColor":"#fff"}}},{"webviewId":"pages\/shop\/shopComment","matchUrls":[{"hostname":["^m\\.nuomi\\.com$"],"pathname":["^\\\/component$"],"search":["comppage=commentList"]}],"webviewParameter":{"titleNView":{"backgroundColor":"#ff4683","borderColor":"#ff4683","titleColor":"#fff"}}},{"webviewId":"pages\/shop\/shopAlbum","matchUrls":[{"hostname":["^m\\.nuomi\\.com$"],"pathname":["^\\\/component$"],"search":["comppage=album"]}],"webviewParameter":{"titleNView":{"backgroundColor":"#ff4683","borderColor":"#ff4683","titleColor":"#fff"}}},{"webviewId":"pages\/shop\/shopDetailA","matchUrls":[{"hostname":["^chi\\.nuomi\\.com$"],"pathname":["^\\\/gourmet\\\/detail\\.html$"]}],"webviewParameter":{"titleNView":{"backgroundColor":"#fff","borderColor":"#fff","titleColor":"#000"}}},{"webviewId":"pages\/shop\/shopDetailB","matchUrls":[{"hostname":[".*\\.nuomi\\.com"],"pathname":["^\\\/wap\\\/goods\\\/detail$"]}],"webviewParameter":{"titleNView":{"backgroundColor":"#ff5a84","borderColor":"#ff5a84","titleColor":"#fff"}}},{"webviewId":"pages\/shop\/shopDetailInfo","matchUrls":[{"hostname":[".*\\.nuomi\\.com"],"pathname":["^\\\/wap\\\/goods\\\/merchantenv$","^\\\/wap\\\/goods\\\/merchantlist$","^\\\/wap\\\/goods\\\/morecomment$","^\\\/wap\\\/goods\\\/instruction$","^\\\/wap\\\/goods\\\/moredetail$","^\\\/static\\\/foreign\\\/page\\\/ticket\\\/slideHeadImgs\\\/index\\.html$","^\\\/static\\\/foreign\\\/page\\\/ticket\\\/imgShow\\\/index\\.html$"]}],"webviewParameter":{"titleNView":{"backgroundColor":"#ff5a84","borderColor":"#ff5a84","titleColor":"#fff"}}},{"webviewId":"movie","matchUrls":[{"hostname":["^mdianying\\.baidu\\.com$"],"pathname":["^\\\/$","^\\\/portal\\\/new$"]}],"webviewParameter":{"titleNView":{"titleText":{"auto":true},"backgroundColor":"#f7f7f7","titleColor":"#000000"},"appendCss":""}},{"webviewId":"movie_tab","matchUrls":[{"hostname":["^mdianying\\.baidu\\.com$"],"pathname":["^\\\/card\\\/index$","^\\\/mall\\\/index$","^\\\/video\\\/index$"]}],"webviewParameter":{"titleNView":{"autoBackButton":true,"backgroundColor":"#f24","titleColor":"#fff","borderColor":"#f24"}}},{"webviewId":"pages\/movie\/piaofang","matchUrls":[{"hostname":["^piaofang\\.baidu\\.com$"],"pathname":["^\\\/$","^\\\/schedule$","^\\\/cinema$","^\\\/movie$"]}],"webviewParameter":{"titleNView":{"autoBackButton":true,"backgroundColor":"#ff4683","titleColor":"#fff","borderColor":"#ff4683"},"appendCss":"#title{display:none!important;}"}},{"webviewId":"movie_schedule","matchUrls":[{"hostname":["^mdianying\\.baidu\\.com$"],"pathname":["^\\\/movie\\\/schedule$","^\\\/info\\\/movie\\\/schedule$"]}],"webviewParameter":{"titleNView":{"backgroundColor":"#f24","titleColor":"#fff","borderColor":"#f24"}}},{"webviewId":"movie_detail","matchUrls":[{"hostname":["^mdianying\\.baidu\\.com$"],"pathname":["^\\\/movie\\\/detail$"]}],"webviewParameter":{"titleNView":{"backgroundColor":"#f24","titleColor":"#fff","borderColor":"#f24"}}},{"webviewId":"movie_videoList","matchUrls":[{"hostname":["^mdianying\\.baidu\\.com$"],"pathname":["^\\\/movie\\\/videoList$"]}],"webviewParameter":{"titleNView":{"backgroundColor":"#f24","titleColor":"#fff","borderColor":"#f24"}},"easyConfig":{"back":{"history":false}}},{"webviewId":"movie_cinema","matchUrls":[{"hostname":["^mdianying\\.baidu\\.com$"],"pathname":["^\\\/cinema\\\/detail$"]}],"webviewParameter":{"titleNView":{"backgroundColor":"#f24","titleColor":"#fff","borderColor":"#f24"}}},{"webviewId":"movie_cinemamap","matchUrls":[{"hostname":["^mdianying\\.baidu\\.com$"],"pathname":["^\\\/cinema\\\/map$"]}],"webviewParameter":{"titleNView":{"backgroundColor":"#f24","titleColor":"#fff","borderColor":"#f24"}}},{"webviewId":"movie_ticket","matchUrls":[{"hostname":["^mdianying\\.baidu\\.com$"],"pathname":["^\\\/ticket\\\/select$"]}],"webviewParameter":{"titleNView":{"backgroundColor":"#f24","titleColor":"#fff","borderColor":"#f24"}}},{"webviewId":"movie_search","matchUrls":[{"hostname":["^mdianying\\.baidu\\.com$"],"pathname":["^\\\/search\\\/universal$"]}],"webviewParameter":{"titleNView":{"titleText":"\u7535\u5f71\u641c\u7d22","backgroundColor":"#f24","borderColor":"#f24","titleColor":"#fff"},"appendCss":"#header{display:none!important;}"}},{"webviewId":"movie_order","matchUrls":[{"hostname":["^mdianying\\.baidu\\.com$"],"pathname":["^\\\/ticket\\\/confirm$"]}],"webviewParameter":{"titleNView":{"backgroundColor":"#f24","borderColor":"#f24","titleColor":"#fff"},"appendCss":"#header{display:none!important;}"}},{"webviewId":"pages\/hotel\/hotel","matchUrls":[{"pathname":["^\\\/component\\\/maphotel\\\/vuepage\\\/channelpage\\\/channelpage\\.html$"]}],"webviewParameter":{"appendCss":"header{display:none!important;} body{margin-top:-41px;}"}},{"webviewId":"pages\/hotel\/hotelSearch","matchUrls":[{"pathname":[".*\/page\/hotelsearch.html$"]}],"webviewParameter":{}},{"webviewId":"pages\/hotel\/hotelList","matchUrls":[{"pathname":[".*\/page\/hotellist.html$"]}],"webviewParameter":{"titleNView":{"titleText":"\u9152\u5e97\u5217\u8868"}}},{"webviewId":"pages\/hotel\/hotelDetail","matchUrls":[{"pathname":[".*\/page\/hoteldetail.html$"]}],"webviewParameter":{"titleNView":{"titleText":"\u9152\u5e97\u8be6\u60c5"}}},{"webviewId":"pages\/hotel\/hoteldetailInfo","matchUrls":[{"pathname":[".*\/page\/hoteldetailcomment.html$",".*\/page\/hoteldetailimglist.html$",".*\/page\/hoteldetailinfo.html$"]}],"webviewParameter":{}},{"webviewId":"promotion","matchUrls":[{"hostname":["^hotel\\.baidu\\.com$"],"pathname":["^\\\/pages\\\/promotion\\\/1027\\.html$"]}],"webviewParameter":{"titleNView":{"titleText":"\u9152\u5e97\u6392\u884c\u699c"},"appendCss":""}},{"webviewId":"entertainment","matchUrls":[{"pathname":["^\\\/component\\\/entertainment\\\/page\\\/home\\\/home\\.html$"]}],"webviewParameter":{"titleNView":{"titleText":"\u4f11\u95f2\u5a31\u4e50","backgroundColor":"#ff4683","borderColor":"#ff4683","titleColor":"#fff"}}},{"webviewId":"train","matchUrls":[{"hostname":["^kuai\\.nuomi\\.com$"],"pathname":["^\\\/webapp\\\/train\\\/index\\.html$"]}],"webviewParameter":{"titleNView":{"titleText":"\u706b\u8f66\u7968","buttons":[{"float":"right","text":"\ue680","fontSize":"22px","fontSrc":"_www\/fonts\/iconfont.ttf","onclick":"javascript: plus.webview.getWebviewById('train').evalJS('document.querySelector(\\'.icon-account\\')&&document.querySelector(\\'.icon-account\\').click()')"}],"backgroundColor":"#fff","borderColor":"#ccc","titleColor":"#000"}}},{"webviewId":"trainList","matchUrls":[{"hostname":["^kuai\\.nuomi\\.com$"],"pathname":["^\\\/webapp\\\/train\\\/list\\.html$"]}],"webviewParameter":{"titleNView":{"backgroundColor":"#fff","borderColor":"#ccc","titleColor":"#000"}}},{"webviewId":"trainDetail","matchUrls":[{"hostname":["^kuai\\.nuomi\\.com$"],"pathname":["^\\\/webapp\\\/train\\\/schedulelist\\.html$"]}],"webviewParameter":{"titleNView":{"backgroundColor":"#fff","borderColor":"#ccc","titleColor":"#000"}}},{"webviewId":"trainOrder","matchUrls":[{"hostname":["^kuai\\.nuomi\\.com$"],"pathname":["^\\\/webapp\\\/train\\\/booking\\.html$"]}],"webviewParameter":{"titleNView":{"backgroundColor":"#fff","borderColor":"#ccc","titleColor":"#000"},"appendCss":".unpaid-order-tab,.wap .index-con .bg-img,#stickyTab,#tabs-container,.index-con .card-container,.calendar-bar-wrapper{top:0!important;}#common-widget-nav,.ca-header,.refund-link,.header-btns,.c-list-poi-download-box,.na-download,#header,header,.j-title,.refund-link,.third-login,.BNJS-download-mask,.movieindex-widget-pushmobile,footer,.page-booking .page-header,.page-passengerform .left-arrow{display:none!important;height:0;} .BNJS-body-with-title-bar,.wap .index-con{padding-top:0!important;} .index-con .card-container{top:44px;} .unpaid-order-list-page .unpaid-order-wrapper{padding-top:44px;} .wap.page-list{padding-top:40px!important;}.ca-wap,.page-booking.wap,.collect_wrap .list-wrap,.page-schedulelist{margin-top:0!important;}"}},{"webviewId":"mobileCharge","matchUrls":[{"hostname":["^m\\.nuomi\\.com$"],"pathname":["^\\\/component$","\/component\/union\/.*"],"search":["compid=union&comppage=mobilerecharge\\-home"]}],"webviewParameter":{"titleNView":{"titleText":"\u624b\u673a\u5145\u503c","backgroundColor":"#ff4683","borderColor":"#ff4683","titleColor":"#fff"}}},{"webviewId":"pages\/login\/login","matchUrls":[{"hostname":["^wappass\\.baidu\\.com$"],"pathname":["^\\\/webapp\\\/user\\\/login$","^\\\/passport\\\/login$"]}],"webviewParameter":{"titleNView":{"autoBackButton":true,"backgroundColor":"#fff","titleColor":"#000000","titleSize":"17px"}}},{"webviewId":"lvyou","matchUrls":[{"hostname":["^lvyou\\.baidu\\.com$"],"pathname":["^\\\/static\\\/foreign\\\/page\\\/ticket\\\/channel\\\/channel\\.html$"]}],"webviewParameter":{"subNViews":"pages\/common\/red_head.nview","replacewebapi":{"geolocation":"alldevice"},"titleNView":false,"appendCss":""},"easyConfig":{"back":{"before":[{".activity-mask":".activity-close","eventType":"tap"}]}}},{"webviewId":"pages\/lvyou\/lvyou_list","matchUrls":[{"hostname":["^lvyou\\.baidu\\.com$"],"pathname":["^\\\/static\\\/foreign\\\/page\\\/ticket\\\/scenery_list\\\/list\\.html$"]}],"webviewParameter":{"titleNView":{"buttons":[{"float":"right","text":"\ue622","fontSize":"22px","fontSrc":"_www\/fonts\/iconfont.ttf","onclick":"javascript: plus.webview.getWebviewById('pages\/lvyou\/lvyou_list').evalJS('document.querySelector(\\'.icon-search\\')&&document.querySelector(\\'.icon-search\\').click()')"}],"backgroundColor":"#ff4683","borderColor":"#ff4683","titleColor":"#fff"}}},{"webviewId":"pages\/lvyou\/lvyou_shop","matchUrls":[{"hostname":["^lvyou\\.baidu\\.com$"],"pathname":["^\\\/static\\\/foreign\\\/page\\\/ticket\\\/nuoindex\\\/index\\.html$"]}],"webviewParameter":{"titleNView":{"type":"transparent","backgroundColor":"#ff4683","borderColor":"#ff4683","titleColor":"#fff"},"appendCss":".baseImg-head2{display:none!important;}"}},{"webviewId":"pages\/lvyou\/lvyou_detail","matchUrls":[{"hostname":["^lvyou\\.baidu\\.com$"],"pathname":["^\\\/static\\\/foreign\\\/page\\\/ticket\\\/detail\\\/detail\\.html$"]}],"webviewParameter":{"titleNView":{"backgroundColor":"#ff4683","borderColor":"#ff4683","titleColor":"#fff"}}},{"webviewId":"pages\/lvyou\/orderContactCreate","matchUrls":[{"hostname":["^lvyou\\.baidu\\.com$"],"pathname":["^\\\/static\\\/foreign\\\/page\\\/ticket\\\/orderContactCreate\\\/index\\.html$"]}],"webviewParameter":{"titleNView":{"buttons":[{"float":"right","text":"\u4fdd\u5b58","fontSize":"13px","onclick":"javascript: plus.webview.getWebviewById('pages\/lvyou\/orderContactCreate').evalJS('document.querySelector(\\'.occ-head-save\\')&&document.querySelector(\\'.occ-head-save\\').click()')"}]}}},{"webviewId":"pages\/lvyou\/orderContactManage","matchUrls":[{"hostname":["^lvyou\\.baidu\\.com$"],"pathname":["^\\\/static\\\/foreign\\\/page\\\/ticket\\\/orderContactManage\\\/index\\.html$"]}],"webviewParameter":{"titleNView":{"buttons":[{"float":"right","text":"+","fontSize":"22px","onclick":"javascript: plus.webview.getWebviewById('pages\/lvyou\/orderContact').evalJS('document.querySelector(\\'.add-icon\\')&&document.querySelector(\\'.add-icon\\').click()')"}]}}},{"webviewId":"orderEdit","matchUrls":[{"hostname":[".*\\.nuomi\\.com",".*\\.baidu\\.com"],"pathname":["^\\\/static\\\/foreign\\\/page\\\/ticket\\\/orderFill\\\/orderFill\\.html$"]}],"webviewParameter":{"titleNView":{"titleText":"\u8ba2\u5355\u586b\u5199","backgroundColor":"#ff4683","borderColor":"#ff4683","titleColor":"#fff"}}},{"webviewId":"yangsheng","matchUrls":[{"hostname":["^m\\.nuomi\\.com$"],"pathname":["^\\\/component\\\/pinecone_massagist\\\/page\\\/channel\\.html$"]}],"webviewParameter":{"subNViews":"pages\/common\/red_head.nview","titleNView":false,"appendCss":""},"easyConfig":{"back":{"before":[{".activity-mask":".activity-close","eventType":"tap"}]}}},{"webviewId":"oldHead","matchUrls":[{"hostname":["^m\\.nuomi\\.com$"],"pathname":["^\\\/bj\\\/[0-9-]{0,}","^\\\/[0-9]+\\\/[0-9-]{0,}","^\\\/webapp\\\/tuan\\\/category$"]}],"webviewParameter":{"subNViews":"pages\/common\/red_head.nview","titleNView":false,"appendCss":"#j-good-container{margin-top:54px;}.na-download,.c-list-poi-download-box{display:none!important} .main-content{margin-top:44px;}header{position:fixed!important;z-index:100;width:100%;top:0;} .filter-sort .filter-sort-head.fixed{position:fixed !important;z-index:100;}.filter-sort .filter-sort-head.fixed.auto-hide.shown{transform:inherit !important}.filter-sort-head{position:fixed !important;top:44px!important} #j-na-download,.c-list-poi-download-box{display:none!important} .title{line-height:17px!important;}"},"easyConfig":{"back":{"history":false,"before":[{".activity-mask":".activity-close","eventType":"tap"}]}}},{"webviewId":"orderList","matchUrls":[{"hostname":[".*\\.nuomi\\.com"],"pathname":["^\\\/user\\\/orderList$"]}],"webviewParameter":{"titleNView":{"titleText":"\u6211\u7684\u8ba2\u5355"}}},{"webviewId":"youhuiPay","matchUrls":[{"hostname":[".*\\.nuomi\\.com"],"pathname":["^\\\/paynow\\\/wap\\\/order$"]}],"webviewParameter":{"titleNView":{"backgroundColor":"#ff4683","borderColor":"#ff4683","titleColor":"#fff"},"appendCss":"header{display:block!important;}"}},{"webviewId":"pages\/order\/order","matchUrls":[{"hostname":[".*\\.nuomi\\.com"],"pathname":["^\\\/webapp\\\/pay\\\/create$","^\\\/award\\\/order\\\/orderUrl$"]}],"webviewParameter":{"titleNView":{"titleText":"\u63d0\u4ea4\u8ba2\u5355","backgroundColor":"#ff4683","borderColor":"#ff4683","titleColor":"#fff"}}},{"webviewId":"pages\/order\/daifukuan","matchUrls":[{"hostname":[".*\\.nuomi\\.com"],"pathname":["^\\\/webapp\\\/user\\\/unpay$"]}],"webviewParameter":{"titleNView":{"titleText":"\u5f85\u4ed8\u6b3e\u8ba2\u5355","backgroundColor":"#ff4683","borderColor":"#ff4683","titleColor":"#fff"}}},{"webviewId":"pages\/order\/success","matchUrls":[{"hostname":[".*\\.nuomi\\.com"],"pathname":["\/pay\/return\/baifubao","\/pay\/return\/alipaywise","\/webapp\/pay\/paysucc"],"search":["comppage=mobilerecharge-success","compid=union"]}],"webviewParameter":{"titleNView":{"backgroundColor":"#ff4683","borderColor":"#ff4683","titleColor":"#fff"}}},{"webviewId":"pages\/order\/alipay","matchUrls":[{"hostname":["^mapi\\.alipay\\.com$","^wappaygw\\.alipay\\.com$","^mclient\\.alipay\\.com$"]}],"webviewParameter":{"titleNView":{"backgroundColor":"#fff","borderColor":"#fff","titleColor":"#000"}}},{"webviewId":"pages\/order\/baiduqianbao","matchUrls":[{"hostname":["^wallet\\.baidu\\.com$"]}],"webviewParameter":{"titleNView":{"backgroundColor":"#fff","borderColor":"#ccc","titleColor":"#666"},"appendCss":"#title{display:none!important;}"}},{"webviewId":"pages\/order\/shouyin","matchUrls":[{"pathname":["^\\\/webapp\\\/pay\\\/pay$","^\\\/proxy\\\/req\\\/newcashier$"]}],"webviewParameter":{"titleNView":{"titleText":"\u6536\u94f6\u53f0","backgroundColor":"#fff","borderColor":"#ccc","titleColor":"#666"}}},{"webviewId":"common","matchUrls":[{"pathname":[".*"]}],"webviewParameter":{"titleNView":{"autoBackButton":true,"backgroundColor":"#fff","titleColor":"#000000","titleSize":"17px"}}}],"version":"2f810fb1cb70f7c5a155450bd972621f"}