{"version":"9d2805c190a73a52093f273bab996840","launch_path":"http:\/\/m.yhd.com\/","match":[{"domain":"yhd.com","rule":".*yhd\\.com$"},{"domain":"yhd.com","rule":".*"}],"global":{"webviewParameter":{"titleNView":{"autoBackButton":true,"backgroundColor":"#fff","titleColor":"#ff8e6f","borderColor":"#e5e5e5","titleSize":"17px"}},"easyConfig":{}},"pages":[{"webviewId":"__W2A__m.yhd.com","matchUrls":[{"href":["^http\\:\\\/\\\/m\\.yhd\\.com$"]},{"href":["^http\\:\\\/\\\/m\\.yhd\\.com\\\/$"]},{"hostname":["^m\\.yhd\\.com$"],"pathname":["\\\/[0-9]+\\\/","\\\/?$"]},{"hostname":["^passport\\.yhd\\.com$"],"pathname":["^\\\/passport\\\/logoff\\.do$"]}],"webviewParameter":{"titleNView":false,"appendCss":".touchweb-com_header{top:0!important;width:100%!important;} .touchweb-com_searchListNavigation.fixed,.touchweb_com-selectNav.fixed,div[data-tpa='H5_SEARCH_SORT'],.touchweb-com_searchListNavigation{position:position: relative!important;} body,html{overflow: initial!important;}.mod_computer,.__wap2app_fixed_placeholder{display:none!important;} .select_receiving_area{display:none!important;}.about_links{display:none!important;}.copyright{display:none!important;}.statusbar{width:100%;height:18px;background-color: #fff;position: fixed;left:0;top:0px;z-index: 10000000;}"}},{"webviewId":"pages\/list\/search","matchUrls":[{"hostname":["^search\\.m\\.yhd\\.com$"],"pathname":["\\\/search\\\/"]}],"webviewParameter":{"subNViews":"pages\/list\/search.nview","titleNView":false,"statusbar":{"style":"dark","background":"#ffffff"},"appendCss":"#div_global_app{display:none!important;}.touchweb-com_header{width: 100%;top: 0px;position: fixed;left: 0;z-index:999;} #container,.touchweb_com-walmartLink,.touchweb_com-searchListSale{padding-top:45px!important;}"}},{"webviewId":"pages\/list\/search_themeBuy","matchUrls":[{"hostname":["^search\\.m\\.yhd\\.com$"],"pathname":["^\\\/themeBuy\\.do$"]}],"webviewParameter":{"appendCss":"#globalHeader{display:none!important;}"}},{"webviewId":"pages\/detail\/detail","matchUrls":[{"hostname":["^m\\.yhd\\.com$","^item\\.m\\.yhd\\.com$","^tracker\\.yhd\\.com$","^item\\.yhd\\.com$"],"pathname":["\\\/[0-9]+\\.html","item\\\/[0-9]+","item\\\/[a-z]+\\\/[0-9]+"]}],"webviewParameter":{"subNViews":"pages\/detail\/detail.nview","titleNView":{"type":"transparent","buttons":[{"text":"\ue602","float":"right","fontSize":"27px","fontSrc":"_www\/__wap2app.ttf","onclick":"javascript:var detail = plus.webview.getWebviewById('pages\/detail\/detail');detail && detail.evalJS('wap2app.openShare();');"}]},"appendCss":"#globalHeader,#div_global_app{display:none!important;}.pd_product-wrap{margin-top:0px!important;}#div_DetailAppDown,#prodPicOuter .touchweb-com_header .left.icon-back{display:none!important;}.screen_slide,.touchweb-com_header{border:none!important;}"}},{"webviewId":"pages\/list\/tuan","matchUrls":[{"hostname":["^t\\.m\\.yhd\\.com$"],"pathname":["^\\\/$","^\\\/new$","^\\\/forenotice$","\\\/category\\\/"]}],"webviewParameter":{"titleNView":{"titleText":"1\u53f7\u56e2"},"appendCss":"html,body{overflow-x:hidden!important;height:auto!important;}#titleName,#globalHeader{display:none!important;}#div_global_app{display:none!important;}"}},{"webviewId":"pages\/list\/tuan-renqi","matchUrls":[{"hostname":["^pro\\.yhd\\.com$"],"pathname":["^\\\/yhd\\\/active\\\/6Z9xaVtp8sf4iPUyFBKFfRbdWzX\\\/index\\.html$"]}],"webviewParameter":{"titleNView":{"titleText":"\u4eca\u65e5\u7cbe\u9009"},"appendCss":"#titleName,#globalHeader,#div_global_app{display:none!important;}"}},{"webviewId":"pages\/list\/ranklist","matchUrls":[{"hostname":["^channel\\.m\\.yhd\\.com$"],"pathname":["^\\\/ranklist\\.html$","^\\\/rankList\\.html$","^\\\/rankSale\\.html$","^\\\/ranksale\\.html$","^\\\/rankSearch\\.html$","^\\\/ranksearch\\.html$"]}],"webviewParameter":{"appendCss":"div.rank_header{display:none!important} .rank_navbox{top:0!important;} .full{top:0.90666667rem!important;}"},"easyConfig":{"back":{"history":false}}},{"webviewId":"pages\/list\/qianggou","matchUrls":[{"hostname":["^qianggou\\.m\\.yhd\\.com$"],"pathname":[".*"]}],"webviewParameter":{"titleNView":{"titleText":"1\u53f7\u62a2\u8d2d"},"appendCss":"#globalHeader,.layout_head,.fix_nav,#div_global_app{display:none!important;}"}},{"webviewId":"pages\/list\/shengxian","matchUrls":[{"hostname":["^pro\\.yhd\\.com$","^channel\\.m\\.yhd\\.com$"],"pathname":["^\\\/import\\.html$","^\\\/yhd\\\/active\\\/3dMEZYYrLmktqmoxm97phGpPdJ3W\\\/index\\.html$"]}],"webviewParameter":{"appendCss":"#globalHeader,#div_global_app{display:none!important;}"},"easyConfig":{"back":{"history":false}}},{"webviewId":"pages\/list\/pinpai","matchUrls":[{"hostname":["^s\\.m\\.yhd\\.com$"],"pathname":["^\\\/$"]}],"webviewParameter":{"titleNView":{"titleText":"1\u53f7\u95ea\u8d2d","buttons":[{"text":"\uf13f","float":"right","fontSize":"20px","fontSrc":"_www\/font\/public.ttf","onclick":"javascript:var pinpai = plus.webview.getWebviewById('pages\/list\/pinpai');pinpai && pinpai.evalJS('if(document.querySelector(\\'html.bo_hei\\')){document.querySelector(\\'.category_f\\').click();}else{var m = document.querySelector(\\'.right.row\\');m && m.click();}');"}]},"appendCss":".mmain{margin-top:-44px!important;}#div_global_app{display:none!important;}"},"easyConfig":{"back":{"before":[{"popupSelector":"html.bo_hei","closeSelector":".category_f"}]}}},{"webviewId":"pages\/list\/pinpaiList","matchUrls":[{"hostname":["^s\\.m\\.yhd\\.com$"],"pathname":["\\\/list\\\/[0-9]+"]}],"webviewParameter":{"appendCss":"#globalHeader,.components_header,#div_global_app{display:none!important;}"}},{"webviewId":"pages\/list\/mall","matchUrls":[{"hostname":["^pro\\.yhd\\.com$"],"pathname":["^\\\/yhd\\\/active\\\/2SKEdyV9MyHTkkRVwJdHfr9FJhdU\\\/index\\.html$"]}],"webviewParameter":{"appendCss":"#globalHeader,.components_header,#div_global_app{display:none!important;}"}},{"webviewId":"pages\/list\/haohuo","matchUrls":[{"hostname":["^pro\\.yhd\\.com$"],"pathname":["^\\\/yhd\\\/active\\\/2tcoxZxMKZpMeUzJnRZbYA2UeNs5\\\/index\\.html$"]}],"webviewParameter":{"titleNView":{"titleText":"1\u53f7\u597d\u8d27"},"appendCss":"#globalHeader,.components_header,#div_global_app{display:none!important;}"}},{"webviewId":"pages\/list\/newcategory","matchUrls":[{"hostname":["^m\\.yhd\\.com$"],"pathname":["^\\\/newcategory$"]}],"webviewParameter":{"titleNView":{"titleText":"\u5546\u54c1\u5206\u7c7b"},"appendCss":"#globalHeader,#div_global_app{display:none!important;} .tab_box,.tab_title,#container{height:100%!important;}"}},{"webviewId":"pages\/list\/likeMore","matchUrls":[{"hostname":["^m\\.yhd\\.com$"],"pathname":["^\\\/mobile\\\/homePage\\\/more\\.do$"]}],"webviewParameter":{"titleNView":{"titleText":"\u66f4\u591a\u76f8\u4f3c\u5546\u54c1"},"appendCss":"#globalHeader,.layout_head,#div_global_app{display:none!important;}"}},{"webviewId":"pages\/list\/cart","matchUrls":[{"hostname":["^cart\\.m\\.yhd\\.com$"],"pathname":["^\\\/cart\\\/showCart\\.do$"]}],"webviewParameter":{"appendCss":"#globalHeader,.layout_head,.public_com-header{display:none!important;}"},"easyConfig":{"back":{"history":false}}},{"webviewId":"pages\/user\/login","matchUrls":[{"hostname":["^passport\\.yhd\\.com$"],"pathname":["^\\\/m\\\/login_input\\.do$","^\\\/m\\\/smsFastLogin_input\\.do$","^\\\/m\\\/find_pwd_input\\.do$","^\\\/m\\\/register_input\\.do$"]}],"webviewParameter":{"appendCss":"#header,.touchweb-com_header,div.footer,#touchweb_form-checkbox,.remember_login>label,.global-nav__operate-wrap,.remember_password{display:none!important;}"},"easyConfig":{"fastInput":[{"selector":"#smsSetPw_phone","type":"tel"},{"selector":"#smsSetPw_sms_code","type":"number"}]}},{"webviewId":"pages\/user\/cms","matchUrls":[{"hostname":["^cms\\.yhd\\.com$"],"pathname":["^\\\/cms\\\/view\\.do$"]}],"webviewParameter":{"titleNView":{"titleText":"\u670d\u52a1\u534f\u8bae"},"appendCss":"#header,.touchweb-com_header,div.footer,#touchweb_form-checkbox,.remember_login>label,.global-nav__operate-wrap,.remember_password{display:none!important;}"}},{"webviewId":"pages\/user\/center","matchUrls":[{"hostname":["^home\\.m\\.yhd\\.com$"],"pathname":["^\\\/h5index\\\/index\\.do$"]}],"webviewParameter":{"titleNView":{"buttons":[{"text":"\u6536\u8d27\u5730\u5740","float":"right","fontSize":"12px","onclick":"javascript:wap2app.open('http:\/\/home.m.yhd.com\/h5address\/h5AddressList.do');"}]},"appendCss":".touchweb-com_header{display:none!important;}body{padding-top:0!important;}"}},{"webviewId":"pages\/user\/vip","matchUrls":[{"hostname":["^vip\\.m\\.yhd\\.com$"],"pathname":["^\\\/$","^\\\/memberv2\\\/h5\\\/index\\.do$"]}],"webviewParameter":{"appendCss":"#globalHeader,header aside.logins,.wrap .item,#container .touchweb-com_header{display:none!important;}"},"easyConfig":{"back":{"history":false}}},{"webviewId":"pages\/user\/vipMemberv2","matchUrls":[{"hostname":["^vip\\.m\\.yhd\\.com$"],"pathname":["^\\\/vip\\\/memberv2\\\/right\\.html$","^\\\/vip\\\/memberv2\\\/gift\\.html$","^\\\/vip\\\/memberv2\\\/exp\\.html$"]}],"webviewParameter":{"appendCss":"#globalHeader,header aside.logins,.wrap .item,#container .touchweb-com_header{display:none!important;}"},"easyConfig":{"back":{"history":false}}},{"webviewId":"pages\/user\/adress","matchUrls":[{"hostname":["^home\\.m\\.yhd\\.com$","^trade\\.m\\.yhd\\.com$"],"pathname":["^\\\/h5address\\\/h5AddressList\\.do$","^\\\/h5address\\\/showH5Address\\.do$","^\\\/h5\\\/order\\\/chooseAddress\\.do$","^\\\/h5\\\/order\\\/editAddress\\.do$"]}],"webviewParameter":{"appendCss":".touchweb-com_header,.crumbs,header{display:none!important;}"},"easyConfig":{"fastInput":[{"selector":"#temp_mobile","type":"tel"}]}},{"webviewId":"pages\/user\/settting","matchUrls":[{"hostname":["^home\\.m\\.yhd\\.com$"],"pathname":["^\\\/h5myinfo\\\/index\\.do$"]}],"webviewParameter":{"appendCss":"#globalHeader,header aside.logins,.wrap .item,#container .touchweb-com_header{display:none!important;}"}},{"webviewId":"pages\/user\/coupon","matchUrls":[{"hostname":["^coupon\\.m\\.yhd\\.com$"],"pathname":["\\\/mycouplist\\\/[0-9]\\\/1"]}],"webviewParameter":{"appendCss":"header{display:none!important;}"},"easyConfig":{"back":{"history":false}}},{"webviewId":"pages\/user\/h5Gold","matchUrls":[{"hostname":["^home\\.m\\.yhd\\.com$","^home\\.yhd\\.com$"],"pathname":["^\\\/h5Gold\\\/index\\.do$"]}],"webviewParameter":{"appendCss":"#globalHeader{display:none!important;}"}},{"webviewId":"pages\/user\/myFoundation","matchUrls":[{"hostname":["^8\\.yhd\\.com$"],"pathname":[".*"]}],"webviewParameter":{"titleNView":{"progress":{"color":"#ff4e4e"},"buttons":[{"text":"\ue605","float":"right","fontSize":"27px","fontSrc":"_www\/__wap2app.ttf","onclick":"javascript:var read = plus.webview.getWebviewById('pages\/user\/myFoundation');read && read.close();"}]},"appendCss":"#globalHeader,.public_com-header{display:none!important;}"}},{"webviewId":"pages\/user\/order","matchUrls":[{"hostname":["^home\\.m\\.yhd\\.com$"],"pathname":["^\\\/h5Order\\\/h5OrderList\\.do$"]}],"webviewParameter":{"appendCss":".header{display:none!important;}.nav{border-top:none!important;}"}},{"webviewId":"pages\/user\/orderDetail","matchUrls":[{"hostname":["^home\\.m\\.yhd\\.com$"],"pathname":["^\\\/h5Order\\\/showDetail\\.do$"]}],"webviewParameter":{"appendCss":"#globalHeader{display:none!important;} .order-status{margin-top:-24px!important;}"}},{"webviewId":"pages\/user\/getOrder","matchUrls":[{"hostname":["^trade\\.m\\.yhd\\.com$"],"pathname":["^\\\/h5\\\/order\\\/selectAddress\\.do$","^\\\/h5\\\/order\\\/getOrder\\.do$"]}],"webviewParameter":{"appendCss":".header,.public_com-header{display:none!important;}"}},{"webviewId":"pages\/user\/pay","matchUrls":[{"hostname":["^comepay\\.yhd\\.com$"],"pathname":["^\\\/h5\\\/gopay\\\/saveOrder$","^\\\/h5\\\/gopay\\\/payCashier$"]},{"hostname":["^trade\\.m\\.yhd\\.com$"],"pathname":["^\\\/pay\\\/paygateway\\.do$"]}],"webviewParameter":{"appendCss":".header,.public_com-header,#unionpay,#div_global_app{display:none!important;}"}},{"webviewId":"pages\/user\/orderList","matchUrls":[{"hostname":["^my\\.m\\.yhd\\.com$"],"pathname":["^\\\/myH5\\\/h5Order2\\\/h5OrderList\\.do$"]}],"webviewParameter":{"appendCss":"#globalHeader,#container .touchweb-com_header,#div_global_app{display:none!important;}"},"easyConfig":{"back":{"history":false}}},{"webviewId":"common","matchUrls":[{"href":[".*"]}],"webviewParameter":{"appendCss":"#globalHeader,header aside.logins,.wrap .item,#container .touchweb-com_header,#div_global_app{display:none!important;}"}}]}