{"version":"e62de5ee3c6de3c321b5f35ebecfcf41","launch_path":"http:\/\/m.mogujie.com\/","match":[{"domain":"mogujie.com","rule":".*mogujie\\.com$"},{"domain":"mogujie.com","rule":".*mogujie\\.com\\\/$"}],"global":{"webviewParameter":{"titleNView":{"autoBackButton":true,"backgroundColor":"#ffffff","borderColor":"#eaeaea","titleColor":"#5e5e5e","titleSize":"17px"},"statusbar":{"style":"dark","background":"#ffffff"}},"easyConfig":{}},"pages":[{"webviewId":"__W2A__H5F4563E8","matchUrls":[{"href":["^http\\:\\\/\\\/m\\.mogujie\\.com$"]},{"href":["^http\\:\\\/\\\/m\\.mogujie\\.com\\\/$"]},{"hostname":["^m\\.mogujie\\.com$"],"pathname":["^\\\/?$","^\\\/$"]}],"webviewParameter":{"titleNView":false,"statusbar":{"style":"dark","background":"#ffffff"},"appendCss":"#launchBanner,#m756055,.MOD_ID_52648,.download-banner,.download_banner{display:none!important}body{padding-top:.92rem}.search-bar-wrap{position:fixed;top:0;z-index:9}"}},{"webviewId":"pages\/list\/cateyichi","matchUrls":[{"hostname":["\\.mogujie\\.com"],"pathname":["^\\\/cateyichi$"]}],"webviewParameter":{"appendCss":".search-bar-wrap,.download-bar.J_Download,#M_headBar1,header,.module_row.module_row_386450.MOD_ID_352985.has-log-mod,.bottom-area{display:none!important;} .cate-tab-wrap{height:100%!important;} .nav_fixed{top:0!important;}"}},{"webviewId":"pages\/user\/cart","matchUrls":[{"hostname":["\\.mogujie\\.com"],"pathname":["^\\\/cart\\\/index\\.html$"]}],"webviewParameter":{"subNViews":"pages\/user\/cart.nview","titleNView":false,"appendCss":".head-content.is-fixed{top:-0.9rem!important;} .meili-all-vue-base-head.head{height:44px!important;}"}},{"webviewId":"pages\/user\/center","matchUrls":[{"hostname":["\\.mogujie\\.com"],"pathname":["^\\\/personal\\\/personal\\.html$"]}],"webviewParameter":{"appendCss":"#header,.primary-navbar,#M_headBar,div.bottom-box,#M_headBar1,.J_Download,.meili-all-vue-base-head.head{display:none!important;} .with-header{padding-top:0!important;} #pathname iframe,#cap_iframe+iframe{top:-2.8125rem!important;}"}},{"webviewId":"pages\/user\/login","matchUrls":[{"hostname":["\\.mogujie\\.com"],"pathname":["^\\\/user-process\\\/login\\.html$","^\\\/user-process\\\/findpwdfirst\\.html$","^\\\/user-process\\\/account\\.html$","^\\\/user-process\\\/existphone\\.html$","^\\\/user-process\\\/newphone\\.html$","^\\\/register$","^\\\/x6\\\/login\\\/country$","^\\\/login$","^\\\/quicklogin$","^\\\/h5\\\/securityCheck$","^\\\/user-process\\\/login\\.html$","^\\\/bindaccount$","^\\\/transition$","^\\\/regservice$","^\\\/setname$"]}],"webviewParameter":{"titleNView":{"titleText":"\u8fdb\u5165\u8611\u83c7\u8857"},"appendCss":".meili-all-vue-base-head.head,.badge.icon-uniE810,.arr,body header,header,.header{display:none!important;} .page_header{display:block!important;} .with-header{padding-top:0!important;}  #pathname iframe,#cap_iframe+iframe{top:-2.8125rem!important;}"},"easyConfig":{"fastInput":[{"selector":"#Field__mobile","type":"tel"},{"selector":"#Field__code","type":"number"},{"selector":".security_check_input.message_code_input","type":"number"}]}},{"webviewId":"pages\/user\/im","matchUrls":[{"hostname":["^webim\\.mogujie\\.com$"],"pathname":["\\\/?"]},{"hostname":["^www\\.mogujie\\.com$"],"pathname":["^\\\/x\\\/im$"]},{"hostname":["^m\\.mogujie\\.com$","^www\\.mogujie\\.com$"],"pathname":["^\\\/x\\\/im\\\/$"]}],"webviewParameter":{"appendCss":".navbar.chat-header,.header,header{display:none!important;} .chat-body.with-header{padding-top:0!important;} .chat-body.with-header .chat-main .goods-box{top:0!important;}"}},{"webviewId":"pages\/list\/search","matchUrls":[{"hostname":["\\.mogujie\\.com"],"pathname":["^\\\/wall\\\/s$","^\\\/x6\\\/search$"]}],"webviewParameter":{"subNViews":"pages\/list\/search.nview","titleNView":false,"statusbar":{"style":"dark","background":"#fafafa"},"appendCss":".download-bar.J_Download,#M_headBar1,.menus,.menus+div{display:none!important;}"}},{"webviewId":"pages\/list\/relative","matchUrls":[{"hostname":["\\.mogujie\\.com"],"pathname":["^\\\/wall\\\/relative$"]}],"webviewParameter":{"appendCss":"#header,#M_headBar,#M_headBar1,.J_Download,.header,.menus,.menus+div{display:none!important;} .with-header{padding-top:0!important;}"}},{"webviewId":"pages\/list\/fastbuy","matchUrls":[{"hostname":["\\.mogujie\\.com"],"pathname":["^\\\/fastbuy\\\/indexh5$","^\\\/fastbuy\\\/lastcrazy$","^\\\/fastbuy\\\/onecent$","^\\\/fastbuy\\\/myreminderh5$"]}],"webviewParameter":{"appendCss":".download-bar.J_Download,#M_headBar1,header{display:none!important;} "},"easyConfig":{"back":{"history":false}}},{"webviewId":"pages\/list\/pintuan","matchUrls":[{"hostname":["^pintuan\\.mogujie\\.com$"],"pathname":["^\\\/index$","^\\\/ptpt\\\/app\\\/pd$"]}],"webviewParameter":{"appendCss":"#M_headBar1,.bottom-area{display:none!important;}"}},{"webviewId":"pages\/list\/oneqiang","matchUrls":[{"hostname":["\\.mogujie\\.com"],"pathname":["^\\\/oneqiang$"]}]},{"webviewId":"pages\/list\/pinpintuan","matchUrls":[{"hostname":["^act\\.mogujie\\.com$","^pintuan\\.mogujie\\.com$"],"pathname":["^\\\/uzt\\\/app\\\/others\\\/tgpinpintuan$","^\\\/pttop$"]}],"webviewParameter":{"titleNView":{"buttons":[{"text":"\ue602","float":"right","fontSize":"27px","fontSrc":"__wap2app.ttf","onclick":"javascript:var oneqiang = plus.webview.getWebviewById('pages\/list\/pinpintuan');oneqiang && oneqiang.evalJS('wap2app.openShare();');"}]}},"easyConfig":{"back":{"history":false}}},{"webviewId":"pages\/list\/oneqiang","matchUrls":[{"hostname":["^act\\.mogujie\\.com$"],"pathname":["^\\\/brandtuan\\\/index$","^\\\/brandtuan\\\/last$","^\\\/brandtuan\\\/next$"]}],"webviewParameter":{"titleNView":{"buttons":[{"text":"\ue602","float":"right","fontSize":"27px","fontSrc":"__wap2app.ttf","onclick":"javascript:var oneqiang = plus.webview.getWebviewById('pages\/list\/oneqiang');oneqiang && oneqiang.evalJS('wap2app.openShare();');"}]},"appendCss":"#M_headBar1{display:none!important;} .topBar{height:0.82rem!important}"},"easyConfig":{"back":{"history":false}}},{"webviewId":"pages\/list\/wallBook","matchUrls":[{"hostname":["^m\\.mogujie\\.com$"],"pathname":["\\\/wall\\\/book\/"]}],"webviewParameter":{"titleNView":{"buttons":[{"text":"\ue602","float":"right","fontSize":"27px","fontSrc":"__wap2app.ttf","onclick":"javascript:var oneqiang = plus.webview.getWebviewById('pages\/list\/wallBook');oneqiang && oneqiang.evalJS('wap2app.openShare();');"}]},"appendCss":".nav_fixed{top:0px!important;} header,.menus,.menus+div{display:none!important;} .with-header{padding-top:0!important;}"},"easyConfig":{"back":{"history":false,"before":[{"popupSelector":".price_box.price_box_show","closeSelector":".price_btn.item_on"}]}}},{"webviewId":"pages\/list\/shop","matchUrls":[{"hostname":["^m\\.mogujie\\.com$"],"pathname":["^\\\/v8\\\/meili\\\/shop$"]}],"webviewParameter":{"titleNView":{"buttons":[{"text":"\ue602","float":"right","fontSize":"27px","fontSrc":"__wap2app.ttf","onclick":"javascript:var shop = plus.webview.getWebviewById('pages\/list\/shop');shop && shop.evalJS('wap2app.openShare();');"}]},"appendCss":".search-bar .back-btn,.search-bar .cart,.meili-shoph5-module-simpleheader>a{display:none!important;}.shop-topNav>div{overflow:hidden!important;} .search-bar{position:initial!important;}"}},{"webviewId":"pages\/list\/shopSearch","matchUrls":[{"hostname":["^m\\.mogujie\\.com$"],"pathname":["^\\\/v8\\\/meili\\\/shopSearch$"]}],"webviewParameter":{"subNViews":"pages\/list\/shopSearch.nview","titleNView":false,"appendCss":".meili-shoph5-module-shopbanner{display:none!important;}.search.banner-padding{padding-top:44px!important;}"}},{"webviewId":"pages\/list\/shopAlbum","matchUrls":[{"hostname":["^m\\.mogujie\\.com$"],"pathname":["^\\\/v8\\\/meili\\\/shopAlbum$"]}],"webviewParameter":{"titleNView":{"titleText":"\u4e13\u8f91"},"appendCss":".album-bar.clearfix{display:none!important;}"}},{"webviewId":"pages\/list\/shopInfo","matchUrls":[{"hostname":["^m\\.mogujie\\.com$"],"pathname":["^\\\/v8\\\/meili\\\/shopInfo$"]}],"webviewParameter":{"titleNView":{"titleText":"\u5e97\u94fa\u4fe1\u606f"},"appendCss":".meili-shoph5-module-shopbanner{display:none!important;}.detail.banner-padding{padding-top:0px!important;}"}},{"webviewId":"pages\/detail\/detail-normal","matchUrls":[{"hostname":["^h5\\.mogujie\\.com$"],"pathname":["^\\\/detail-normal\\\/index\\.html$","^\\\/detail-normal\\\/napp\\\/index\\.html$"]}],"webviewParameter":{"subNViews":"pages\/detail\/detail-normal.nview","titleNView":{"type":"transparent","titleText":"\u5546\u54c1\u8be6\u60c5","buttons":[{"text":"\ue602","float":"right","fontSize":"27px","fontSrc":"__wap2app.ttf","onclick":"javascript:var detail = plus.webview.getWebviewById('pages\/detail\/detail-normal');detail && detail.evalJS('wap2app.openShare();');"}]},"statusbar":false,"appendCss":".menus-box,#M_Left_Menu_Mask,#launchBanner{display:none!important;}"}},{"webviewId":"pages\/detail\/detail-seckill","matchUrls":[{"hostname":["^m\\.mogujie\\.com$"],"pathname":["\\\/rush\\\/seckill\\\/"]}],"webviewParameter":{"subNViews":"pages\/detail\/detail-seckill.nview","titleNView":{"type":"transparent","titleText":"\u5546\u54c1\u8be6\u60c5","buttons":[{"text":"\ue602","float":"right","fontSize":"27px","fontSrc":"__wap2app.ttf","onclick":"javascript:var detail = plus.webview.getWebviewById('pages\/detail\/detail-seckill');detail && detail.evalJS('wap2app.openShare();');"}]},"statusbar":false,"appendCss":".primary-navbar,#M_headBar{display:none!important;} .with-header{padding-top:0!important;} .info-title.break{opacity: 0;}"}},{"webviewId":"pages\/detail\/detail-onecent","matchUrls":[{"hostname":["^m\\.mogujie\\.com$"],"pathname":["\\\/onecent\\\/detail"]}],"webviewParameter":{"subNViews":"pages\/detail\/detail-onecent.nview","titleNView":{"type":"transparent","titleText":"\u5546\u54c1\u8be6\u60c5","buttons":[{"text":"\ue602","float":"right","fontSize":"27px","fontSrc":"__wap2app.ttf","onclick":"javascript:var detail = plus.webview.getWebviewById('pages\/detail\/detail-onecent');detail && detail.evalJS('wap2app.openShare();');"}]},"statusbar":false,"appendCss":".primary-navbar,#M_headBar,#M_headBar1{display:none!important;} .with-header{padding-top:0!important;} #DetailFootbar{opacity: 0;}  .info-title.break{opacity: 0;} "}},{"webviewId":"pages\/detail\/detail-oneqiang","matchUrls":[{"hostname":["^h5\\.mogujie\\.com$"],"pathname":["^\\\/detail-seckill\\\/index\\.html$"]}],"webviewParameter":{"subNViews":"pages\/detail\/detail-oneqiang.nview","titleNView":{"type":"transparent","buttons":[{"text":"\ue602","float":"right","fontSize":"27px","fontSrc":"__wap2app.ttf","onclick":"javascript:var detail = plus.webview.getWebviewById('pages\/detail\/detail-oneqiang');detail && detail.evalJS('wap2app.openShare();');"}]},"statusbar":false,"appendCss":"#M_Left_Menu_Mask,#J_Left_Navigation,.primary-navbar,#M_headBar,#M_headBar1{display:none!important;} .with-header{padding-top:0!important;}"}},{"webviewId":"pages\/detail\/detail-pintuan","matchUrls":[{"hostname":["^h5\\.mogujie\\.com$"],"pathname":["^\\\/detail-pintuan\\\/index\\.html$"]}],"webviewParameter":{"subNViews":"pages\/detail\/detail-pintuan.nview","titleNView":{"type":"transparent","buttons":[{"text":"\ue602","float":"right","fontSize":"27px","fontSrc":"__wap2app.ttf","onclick":"javascript:var detail = plus.webview.getWebviewById('pages\/detail\/detail-pintuan');detail && detail.evalJS('wap2app.openShare();');"}]},"statusbar":false,"appendCss":"#M_Left_Menu_Mask,#J_Left_Navigation,.primary-navbar,#M_headBar,#M_headBar1,.menus-box,.meili-all-vue-detail-base-topbanner.topbanner{display:none!important;} .with-header{padding-top:0!important;}"}},{"webviewId":"pages\/detail\/rate","matchUrls":[{"hostname":["^h5\\.mogujie\\.com$"],"pathname":["^\\\/rate\\\/list\\.html$"]}],"webviewParameter":{"titleNView":{"titleText":"\u6240\u6709\u8bc4\u4ef7"},"appendCss":"header{display:none!important;}"},"easyConfig":{"back":{"before":[{"closeSelector":".swiper-slide.is-active","popupSelector":".swiper-wrapper img","eventType":"click"}]}}},{"webviewId":"pages\/detail\/dapei","matchUrls":[{"hostname":["^m\\.mogujie\\.com$"],"pathname":["\\\/x6\\\/dapei\\\/"]}],"webviewParameter":{"titleNView":{"titleText":"\u4f18\u60e0\u8d2d\u642d\u914d"},"appendCss":"header,.menus-box{display:none!important;}"}},{"webviewId":"pages\/user\/adress","matchUrls":[{"hostname":["\\.mogujie\\.com"],"pathname":["^\\\/mgj-address\\\/list\\.html$"]}],"webviewParameter":{"titleNView":{"titleText":"\u6211\u7684\u6536\u8d27\u5730\u5740","buttons":[{"text":"\ue604","float":"right","fontSize":"19px","fontSrc":"_www\/font\/detail.ttf","onclick":"javascript:var adress = plus.webview.getWebviewById('pages\/user\/adress');adress && adress.evalJS('var add = document.querySelector(\\'.head-right--part+div\\');add && add.click();');"}]},"appendCss":"#header,#M_headBar,#M_headBar1,.J_Download,.header{display:none!important;} .with-header{padding-top:0!important;} .head-content.is-fixed{top:-0.9rem!important;} .meili-all-vue-base-head.head{height:0!important;}"}},{"webviewId":"pages\/user\/addadress","matchUrls":[{"hostname":["\\.mogujie\\.com"],"pathname":["^\\\/mgj-address\\\/edit\\.html$"]}],"webviewParameter":{"titleNView":{"titleText":"\u586b\u5199\u6536\u8d27\u5730\u5740","buttons":[{"text":"\ue61d","float":"right","fontSize":"21px","fontSrc":"_www\/font\/detail.ttf","onclick":"javascript:var addadress = plus.webview.getWebviewById('pages\/user\/addadress');addadress && addadress.evalJS('var add = document.querySelector(\\'.head-right--part+div\\');add && add.click();plus.webview.getWebviewById(\\'pages\/user\/adress\\').reload();');"}]},"appendCss":"#header,#M_headBar,#M_headBar1,.J_Download,.header{display:none!important;} .with-header{padding-top:0!important;} .head-content.is-fixed{top:-0.9rem!important;} .meili-all-vue-base-head.head{height:0!important;}"},"easyConfig":{"fastInput":[{"selector":"#mobile","type":"tel"},{"selector":"#zip","type":"number"}]}},{"webviewId":"pages\/user\/order","matchUrls":[{"hostname":["\\.mogujie\\.com"],"pathname":["^\\\/order\\\/list\\.html$","^\\\/order\\\/pintuan-list\\.html$"]}],"webviewParameter":{"appendCss":".download-bar.J_Download,#M_headBar1,header.head{display:none!important;} "},"easyConfig":{"back":{"history":false}}},{"webviewId":"pages\/user\/order-detail","matchUrls":[{"hostname":["\\.mogujie\\.com"],"pathname":["^\\\/order\\\/detail\\.html$"]}],"webviewParameter":{"titleNView":{"titleText":"\u8ba2\u5355\u8be6\u60c5"},"appendCss":".download-bar.J_Download,#M_headBar1,header.head,.favorite-wrap{display:none!important;} "}},{"webviewId":"pages\/user\/balance","matchUrls":[{"hostname":["\\.mogujie\\.com"],"pathname":["^\\\/pocket\\\/balance$","^\\\/pay\\\/withdraw$","^\\\/pay\\\/realname\\\/add$"]}],"webviewParameter":{"appendCss":"#header{margin-top: -4.2rem!important;} "},"easyConfig":{"back":{"history":false}}},{"webviewId":"pages\/balance\/balance","matchUrls":[{"hostname":["\\.mogujie\\.com"],"pathname":["^\\\/pay\\\/cards\\\/add$"]}],"webviewParameter":{"appendCss":"#header{margin-top: -4.2rem!important;} "}},{"webviewId":"pages\/user\/coupon","matchUrls":[{"hostname":["\\.mogujie\\.com"],"pathname":["^\\\/coupon\\\/coupon\\\/index\\.html$","^\\\/mage\\\/coupon$"]}],"webviewParameter":{"appendCss":"header{display:none!important;} "}},{"webviewId":"pages\/user\/fav","matchUrls":[{"hostname":["\\.mogujie\\.com"],"pathname":["^\\\/fav\\\/list\\.html$"]}],"webviewParameter":{"appendCss":"header{display:none!important;} "}},{"webviewId":"pages\/user\/feedback","matchUrls":[{"hostname":["^h5\\.mogujie\\.com$"],"pathname":["^\\\/feedback\\\/feedback\\.html$"]}],"webviewParameter":{"appendCss":"header{display:none!important;} #screen_wrap{padding-top:0!important;}"}},{"webviewId":"pages\/pay\/buy","matchUrls":[{"hostname":["^h5\\.mogujie\\.com$"],"pathname":["^\\\/buy\\\/index\\.html$"]}],"webviewParameter":{"appendCss":"header.head{display:none!important;}"}},{"webviewId":"pages\/pay\/alipay1","matchUrls":[{"hostname":["^mapi\\.alipay\\.com$","^mclient\\.alipay\\.com$"],"pathname":["^\\\/h5Continue\\.htm","\\\/h5\\\/loginIdPwdToLogin\\.htm","^\\\/home\\\/exterfaceAssign\\.htm$","^\\\/gateway\\.do$"]}],"webviewParameter":{"appendCss":".footer,#footerApp,header,.fn-right{display:none!important;}"}},{"webviewId":"pages\/pay\/payuserp","matchUrls":[{"hostname":["^payuserp\\.mogujie\\.com$"],"pathname":["^\\\/pay\\\/realname\\\/addall$"]}],"webviewParameter":{"appendCss":"#header{display:none!important;}"}},{"webviewId":"pages\/list\/1212","matchUrls":[{"hostname":["^1212\\.mogujie\\.com$"],"pathname":[".*"]}],"webviewParameter":{"titleNView":{"buttons":[{"text":"\ue602","float":"right","fontSize":"27px","fontSrc":"_www\/__wap2app.ttf","onclick":"javascript:var mall = plus.webview.getWebviewById('pages\/list\/1212');mall && mall.evalJS('wap2app.openShare();');"}]},"appendCss":".mod_openApp_wrapper,header,.icon-backImg,.other_share,.goback,header.new-header-wrap,.go-back,.m-filmname-title,.new-header,.m-topHeader,.btn-quit {display:none!important;}"}},{"webviewId":"pages\/list\/act","matchUrls":[{"hostname":["^act\\.mogujie\\.com$"],"pathname":[".*"]}],"webviewParameter":{"titleNView":{"buttons":[{"text":"\ue602","float":"right","fontSize":"27px","fontSrc":"_www\/__wap2app.ttf","onclick":"javascript:var oneqiang = plus.webview.getWebviewById('pages\/list\/act');oneqiang && oneqiang.evalJS('wap2app.openShare();');"}]}}},{"webviewId":"common","matchUrls":[{"href":[".*"]}],"webviewParameter":{}}]}