{"version":"2d25c06391ee092493ebc6e636f95cd1","launch_path":"https:\/\/c.duomai.com\/track.php?site_id=226196&aid=3735&euid=&t=http%3A%2F%2Fm.iqiyi.com%2F","match":[{"domain":"iqiyi.com","rule":".*iqiyi\\.com$"},{"domain":"iqiyi.com","rule":["www","touch","h5","m","wenxue","piao","mall"]},{"domain":"iqiyi.com","rule":".*\\\/v\\_.*\\.html.*"}],"global":{"webviewParameter":{"statusbar":{"background":"#191919","style":"light"},"titleNView":{"autoBackButton":"true","backgroundColor":"#191919","titleColor":"#FFFFFF","titleSize":"16px","borderColor":"#191919"},"appendCss":"header,.m-box.m-box-top,.header-group-innder.header-fixed{display:none!important}"},"easyConfig":{"back":{"history":false}}},"pages":[{"webviewId":"__W2A__m.iqiyi.com","matchUrls":[{"hostname":["^(m|www)\\.iqiyi\\.com","^iqiyi\\.com$"],"pathname":["^\\\/?$","^\\\/$"]}],"webviewParameter":{"statusbar":{"immersed":false},"titleNView":false,"appendCss":".m-tab-nav.tap-fixed{top:0.8rem!important;}.g-nav-head{height:0.36rem!important;}div[glue-component='common.component.appRecommend'],.m-downiqy,section[data-component='page.channel.component.appBottomBanner'],.c-menu-linkmore ,.header-login{display:none!important;} .m-guide.po-fixed,section.m-downApp,.m-addToScreen.po-fixed,.header-app,[data-page='channelHome'],.m-addDesk,div[data-tag-name='\u5e94\u7528\u63a8\u8350'],.m-imgicon-list.m-sliding-list li[data-order='2'],.m-imgicon-list.m-sliding-list li[data-order='6'],.m-imgicon-list.m-sliding-list li[data-node='produceItem_gengduo'],.m-bubble-share,.m-business-list .m-sliding-list li:nth-child(2),.m-business-list .m-sliding-list li:nth-child(6){display:none!important} html{font-size: 100px!important;}"}},{"webviewId":"pages\/user\/login","matchUrls":[{"hostname":[".*iqiyi\\.com"],"pathname":["^\\\/user\\.html$","^\\\/user\\\/relogin\\.php$"]}],"webviewParameter":{"titleNView":{"titleText":"\u8fdb\u5165\u7231\u5947\u827a"},"appendCss":".m-other-login,.oneStep,.header_inner{display:none!important} .m-goBack{position: fixed;z-index: -1;}"},"easyConfig":{"fastInput":[{"selector":"#phoneNumber[placeholder='\u8bf7\u8f93\u5165\u624b\u673a\u53f7']","type":"tel"},{"selector":".input-block.enterNumber[placeholder='\u8bf7\u8f93\u5165\u5df2\u7ed1\u5b9a\u7684\u624b\u673a\u53f7']","type":"tel"},{"selector":".input-block[placeholder='\u8bf7\u8f93\u5165\u90ae\u7bb1\u5730\u5740']","type":"email"}]}},{"webviewId":"pages\/user\/regsuccess","matchUrls":[{"hostname":[".*iqiyi\\.com"],"pathname":["^\\\/register\\\/regsuccess\\.php$"]}],"webviewParameter":{"titleNView":{"titleText":"\u6ce8\u518c\u6210\u529f"},"appendCss":".m-other-login,.oneStep{display:none!important} .m-goBack{position: fixed;z-index: -1;}"}},{"webviewId":"pages\/user\/usercenter","matchUrls":[{"hostname":[".*iqiyi\\.com"],"pathname":["^\\\/u\\\/$","^\\\/user\\\/logout\\.php$"]}],"webviewParameter":{"titleNView":{"titleText":"\u4e2a\u4eba\u4e2d\u5fc3"},"appendCss":".header-group-innder,.go-next,.m-user-base[data-rseat='709181_grzxml']{display:none!important}"}},{"webviewId":"pages\/user\/list","matchUrls":[{"hostname":[".*iqiyi\\.com"],"pathname":["^\\\/u\\\/account$","^\\\/m5\\\/security\\\/home\\.html$","^\\\/u\\\/message\\\/$","^\\\/u\\\/record$","^\\\/u\\\/record\\\/$","^\\\/u\\\/fav\\\/$","^\\\/u\\\/sub$"]}],"webviewParameter":{"titleNView":{"titleText":true},"appendCss":".m-header,.m-topSite.m-borderB{display:none!important}"}},{"webviewId":"pages\/user\/umessage_child","matchUrls":[{"hostname":[".*iqiyi\\.com"],"pathname":["^\\\/u\\\/update\\\/$","^\\\/u\\\/system\\\/$","^\\\/u\\\/comment\\\/$","^\\\/u\\\/praise\\\/$","^\\\/u\\\/new_fans\\\/$"]}],"webviewParameter":{"appendCss":".mod-header{display:none!important}"}},{"webviewId":"pages\/list\/mall","matchUrls":[{"hostname":["^mall\\.iqiyi\\.com$"],"pathname":["\\\/"]}],"webviewParameter":{"titleNView":{"titleText":"\u5546\u57ce"},"appendCss":".mod_openApp_wrapper,header,.icon-backImg,.other_share,.goback,header.new-header-wrap,.go-back,.m-filmname-title,.new-header,.m-topHeader,.btn-quit {display:none!important;}"}},{"webviewId":"pages\/list\/xiaoshuo","matchUrls":[{"hostname":["^wenxue\\.m\\.iqiyi\\.com$"],"pathname":["\\\/"]}],"webviewParameter":{"titleNView":{"titleText":"\u5c0f\u8bf4","progress":{"color":"#DDD"}},"appendCss":".m-Bclient-link,.mod_openApp_wrapper,header,.icon-backImg,.other_share,.goback,header.new-header-wrap,.go-back,.m-filmname-title,.new-header,.m-topHeader,.btn-quit,.m-reader-site.footer-fixed{display:none!important;} .fixed-second{top:0!important;} .fixed-third{top:0.35rem!important;}"}},{"webviewId":"pages\/list\/video_More","matchUrls":[{"hostname":[".*iqiyi\\.com"],"pathname":["^\\\/lib\\\/"]}],"webviewParameter":{"titleNView":{"titleText":"\u5168\u7f51\u89c6\u9891","autoBackButton":true,"progress":{"color":"#DDD"}},"appendCss":"#shortcut,.mod-app_banner.mod-app_bbqn,header,.m-box-items.m-box-items-full,.m-topSite,.m-header-group{display:none!important} .m-box.m-box-top{margin-top:5px!important;}"}},{"webviewId":"pages\/list\/hotFeeds","matchUrls":[{"hostname":[".*iqiyi\\.com"],"pathname":["^\\\/m5\\\/bubble\\\/hotFeeds\\.html$"]}],"webviewParameter":{"titleNView":{"titleText":"\u70ed\u70b9"},"appendCss":"header,.m-box.m-box-top,.header-group-innder.header-fixed{display:none!important} .hotSpot-wrap{top:0!important;}"}},{"webviewId":"pages\/list\/vipClub","matchUrls":[{"hostname":[".*iqiyi\\.com"],"pathname":["^\\\/vip\\\/club\\.html$"]}],"webviewParameter":{"titleNView":{"titleText":"\u4f1a\u5458\u4ff1\u4e50\u90e8"},"appendCss":"header,#shortcut,.mod-app_banner.mod-app_bbqn,header,.m-box-items.m-box-items-full,.m-topSite,.m-header-group,.m-box.m-box-top.m-box-bottom{display:none!important} .m-box.m-box-top{margin-top:5px!important;}"}},{"webviewId":"pages\/list\/piao","matchUrls":[{"hostname":["^piao\\.iqiyi\\.com$"],"pathname":["\\\/"]}],"webviewParameter":{"appendCss":".icon-backImg,.other_share,.goback,header.new-header-wrap,.go-back,.m-filmname-title,.new-header,.m-topHeader,.btn-quit {display:none!important;}"}},{"webviewId":"pages\/list\/piaoVideo","matchUrls":[{"hostname":[".*iqiyi\\.com"],"pathname":["^\\\/shareplay\\.html$"]}],"webviewParameter":{"titleNView":{"titleText":"\u9884\u544a\u7247"},"appendCss":".m-video-title{display:none!important;}"}},{"webviewId":"pages\/list\/search","matchUrls":[{"hostname":[".*iqiyi\\.com"],"pathname":["^\\\/search\\.html$"]}],"webviewParameter":{"titleNView":{"titleText":"\u641c\u7d22\u7ed3\u679c"},"appendCss":".mod-footer,#headerEl,.btn-download{display:none!important}"}},{"webviewId":"pages\/list\/a_html","matchUrls":[{"hostname":[".*iqiyi\\.com"],"pathname":["^\\\/a\\_\\w*\\.html","playlist\\S+\\.html"]}],"webviewParameter":{"titleNView":{"titleText":true},"appendCss":".mod-header,.m-header-group,.m-appDown{display:none!important} .m-box{margin-top:0!important}"}},{"webviewId":"pages\/bubble\/bubble","matchUrls":[{"hostname":[".*iqiyi\\.com"],"pathname":["^\\\/m5\\\/bubble\\\/circleInfo\\_\\w*\\_p15\\.html","^\\\/u\\\/[0-9]+"]}],"webviewParameter":{"titleNView":{"titleText":"\u6ce1\u6ce1\u5708"},"appendCss":".mod-header,.m-header,.m-header-group,.m-pp-topSite.topSite-scroll,div[data-component='page.bubble.component.share']{display:none!important}"}},{"webviewId":"pages\/bubble\/bubbledetail","matchUrls":[{"hostname":[".*iqiyi\\.com"],"pathname":["^\\\/m5\\\/bubble\\\/detail\\_\\[A-Za-z0-9]+\\.html"]}],"webviewParameter":{"titleNView":{"titleText":true},"appendCss":".m-appBar-bottom,.m-pp-appBar,.m-header-group{display:none!important} "},"easyConfig":{"back":{"before":[{"popupSelector":"[data-node='cover']","closeSelector":"[data-node='cancelBtn']"}]}}},{"webviewId":"pages\/bubble\/videoFilm","matchUrls":[{"hostname":[".*iqiyi\\.com"],"pathname":["^\\\/m5\\\/bubble\\\/videoFilm\\.html$"]}],"webviewParameter":{"titleNView":{"titleText":true},"appendCss":".m-feedVideos-title,.m-pp-new-icons{display:none!important} ","appendJs":"_www\/js\/video_zhida.js"}},{"webviewId":"pages\/bubble\/bubbleeventInfo","matchUrls":[{"hostname":[".*iqiyi\\.com"],"pathname":["^\\\/m5\\\/bubble\\\/eventInfo\\.html$"]}],"webviewParameter":{"titleNView":{"titleText":true},"appendCss":".m-appBar-bottom,.m-pp-appBar,.m-header-group{display:none!important} "}},{"webviewId":"pages\/bubble\/dynamicTopList","matchUrls":[{"hostname":[".*iqiyi\\.com"],"pathname":["^\\\/m5\\\/bubble\\\/dynamicTopList\\.html$"]}],"webviewParameter":{"titleNView":{"titleText":"\u660e\u661f\u7c89\u4e1d\u5f71\u54cd\u529b\u699c"},"appendCss":".rank-btn,.m-pp-appBar,.m-pp-topSite.topSite-dark,.m-header-group{display:none!important}"}},{"webviewId":"pages\/bubble\/totalTopList","matchUrls":[{"hostname":[".*iqiyi\\.com"],"pathname":["^\\\/m5\\\/bubble\\\/totalTopList\\.html$"]}],"webviewParameter":{"titleNView":{"titleText":"\u603b\u699c"},"appendCss":".rank-btn,.m-pp-appBar,.m-pp-topSite.topSite-dark{display:none!important}"}},{"webviewId":"pages\/bubble\/billboard","matchUrls":[{"hostname":[".*iqiyi\\.com"],"pathname":["^\\\/billboard\\.html$"]}],"webviewParameter":{"titleNView":{"titleText":"\u98ce\u4e91\u699c"},"appendCss":".m-starAwards-header,.m-header{display:none!important} .m-header-group{height:0.38rem!important;}"}},{"webviewId":"pages\/user\/feedback","matchUrls":[{"hostname":[".*iqiyi\\.com"],"pathname":["^\\\/feedback\\.html$"]}],"webviewParameter":{"titleNView":{"titleText":"\u53cd\u9988\u610f\u89c1"},"appendCss":".m-header{display:none!important}"}},{"webviewId":"pages\/user\/vipAgreement","matchUrls":[{"hostname":[".*iqiyi\\.com"],"pathname":["^\\\/membershipagreement-ipad\\.html$"]}],"webviewParameter":{"titleNView":{"titleText":"\u7231\u5947\u827aVIP\u4f1a\u5458\u670d\u52a1\u534f\u8bae"},"appendCss":"h1{display:none!important}"}},{"webviewId":"pages\/list\/getMore","matchUrls":[{"hostname":[".*iqiyi\\.com"],"pathname":["\\\/vip\\\/timeLine\\.html","\\\/vip\\\/i\\_topic\\_\\S+\\.html"]}],"webviewParameter":{"titleNView":{"titleText":true},"appendCss":"header,.m-box-items.m-box-items-full,.m-topSite,.m-header-group{display:none!important} .m-box.m-box-top{margin-top:5px!important;}"}},{"webviewId":"pages\/pay\/openVip","matchUrls":[{"hostname":[".*iqiyi\\.com"],"pathname":["^\\\/pay\\.html$","^\\\/order\\\/preview\\.action$","^\\\/order\\\/pay-h5-vip\\.action$","^\\\/client\\\/store\\\/h5-preview\\.action$"]}],"webviewParameter":{"titleNView":{"titleText":"\u8d2d\u4e70VIP\u4f1a\u5458"},"appendCss":"header,.cut-id{display:none!important}"}},{"webviewId":"pages\/pay\/alipay_weixin","matchUrls":[{"hostname":[".*iqiyi\\.com"],"pathname":["^\\\/pay\\\/wappay\\.action$","^\\\/pay\\\/gateway\\.action$","^\\\/m5\\\/cashier\\\/mobilePay\\.html$"]}],"webviewParameter":{"titleNView":{"titleText":true},"appendCss":".footer,#footerApp,header,.fn-right,.f14.account-login,.m-t20.f14.gray,.agreement{display:none!important;}"},"easyConfig":{"back":{"before":[{"popupSelector":".mast.expand-transition","closeSelector":".mast.expand-transition .hide"}]}}},{"webviewId":"pages\/pay\/jihuoma","matchUrls":[{"hostname":[".*iqiyi\\.com"],"pathname":["^\\\/vip\\\/jihuoma\\.html$"]}],"webviewParameter":{"titleNView":{"titleText":"\u6fc0\u6d3b\u4f1a\u5458"},"appendCss":"#snavcon,.activation_code_know,#headerEl{display:none!important;}"}},{"webviewId":"pages\/video\/video","matchUrls":[{"hostname":[".*iqiyi\\.com"],"pathname":["^\\\/v\\_\\w*\\.html","dongman\\\/[0-9]+\\\/\\w*\\.html","^\\\/w\\_\\w*\\.html","^\\\/dianshiju\\S+\\.html"]},{"hostname":[".*iqiyi\\.com"],"pathname":["^\\\/dianying\\\/[0-9]+\\\/\\S+\\.html","^\\\/20[0-9]+\\\/\\S+\\.html"]}],"webviewParameter":{"subNViews":"pages\/video\/videoDetail.nview","titleNView":{"titleText":true},"appendCss":".m-iqyDown,#subOrAd,.m-header-group,.m-pp-more,a[glue-id='autoCallApp'],.m-video-action,div[glue-node='ip'],.m-appDown,.m-pp-new-icons a,.h5-cupid,a[data-type='play_appHD_open']{display:none!important;} #wrap{padding-top:0!important;} .m-pp-new-icons{height:0px!important;} .c-videoplay[glue-node='playBtn']{z-index:1200!important;} .m-ipRelation-btn,.m-header-group,.callApp,.m-video-action > div:nth-child(3),[data-download-pos='play_button_open'],.header-app,#bottomNativePopup,[glue-node='ad'],[data-type='play_appHD_open'],.m-share-four,div[glue-component='page.playMovie.component.subOrAd'],a[data-node='callApp'],.m-iqyDown{display:none!important;}","appendJs":"_www\/js\/video_zhida.js"}},{"webviewId":"pages\/video\/bubbleVideo","matchUrls":[{"hostname":[".*iqiyi\\.com"],"pathname":["m5\\\/bubble\\\/detail\\_f[0-9]+\\_p15\\.html"]}],"webviewParameter":{"titleNView":{"titleText":true},"appendCss":".m-header-group,div[data-component='page.bubble.component.share']{display:none!important;}","appendJs":"_www\/js\/video_zhida.js"},"easyConfig":{"back":{"before":[{"popupSelector":"[data-node='cover']","closeSelector":"[data-node='cancelBtn']"}]}}},{"webviewId":"pages\/video\/toutiaoVideo","matchUrls":[{"hostname":["^m\\.toutiao\\.iqiyi\\.com$"],"pathname":["\\\/top\\_\\S+\\.html"]}],"webviewParameter":{"subNViews":"pages\/video\/videoDetail.nview","titleNView":{"titleText":true},"appendCss":"#navBar,#commontList .c-spe-btn,#recommendVList,.J-openApp,.modRight,.load-box{display:none!important;} ","appendJs":"_www\/js\/video_zhida.js"}}]}