{"launch_path":"http:\/\/r.union.meituan.com\/url\/visit\/?a=1&key=734d286c41b340a900bb6d5045e41fc8916&url=http%3A%2F%2Fi.meituan.com","match":[{"domain":"meituan.com","rule":".*"}],"global":{"webviewParameter":{"titleNView":{"autoBackButton":true,"backgroundColor":"#06c1ae","titleColor":"#FFFFFF","titleSize":"18px"},"appendCss":".app-download,header,.navload,#footer,.footer,footer,#download-list,#pop,.pop,.campaign,.v-old-footer,.appBar,.ma-no,.new_show_info,.touchembed-guide,.banner,.p-appdown-3,.footer-container,.travel-download-bar{display:none!important}"},"easyConfig":{"back":{"before":[{"popupSelector":".msg-bg","closeSelector":".msg-btn.msg-btn-cancel"},{"popupSelector":".nav-dropdown.active","closeSelector":".nav-dropdown"},{"popupSelector":".mask.bounce-transition","closeSelector":".mask.bounce-transition"},{"popupSelector":".notice-layer","closeSelector":".mask"},{"popupSelector":".nav-right-sep.focus","closeSelector":".nav-right-sep.focus"},{"popupSelector":".j-mask.mask.cart-mask","closeSelector":".j-mask.mask.cart-mask"},{"popupSelector":".msg-bg","closeSelector":".btn.msg-btn-cancel"}]}}},"pages":[{"webviewId":"pages\/groupbuy\/groupbuy","matchUrls":[{"pathname":[".*\\\/i\\\/deal\\\/[0-9]+\\\/?$",".*\\\/deal\\\/[0-9]+\\.html$",".*\\\/deal\\\/[0-9]+\\\/?$"]}],"webviewParameter":{"subNViews":"pages\/groupbuy\/groupbuy.nview","statusbar":{"background":""},"titleNView":{"buttons":[{"float":"right","fontSize":"23px","fontSrc":"_www\/__wap2app.ttf","text":"\ue602","onclick":"javascript:plus.webview.getWebviewById('pages\/groupbuy\/groupbuy').evalJS('wap2app.openShare()')"}],"type":"transparent","autoBackButton":true,"titleText":"\u56e2\u8d2d\u8be6\u60c5"},"appendCss":"header,.hue-base-navbar,.pop-wapper,.navbar,.main-content > div:nth-last-child(2),.promo-detail-list,.footer-container,footer,.group-base-info-activity.group-base-info-first-type,.detail-campaign.hue-base-arrow-right,#pop,.campaign-tip{display:none!important}"}},{"webviewId":"pages\/seller\/seller","matchUrls":[{"pathname":["^\\\/i\\\/poi\\\/[0-9]+\\\/?$","^\\\/poi\\\/[0-9]+\\\/?$"]}],"webviewParameter":{"subNViews":"pages\/seller\/seller.nview","statusbar":{"background":""},"titleNView":{"titleText":"\u5546\u5bb6\u8be6\u60c5"},"appendCss":".kv-line-r{height:86.5px!important}.poiinfo-wrap .addr{height: 1.7rem;}#msg,.msg-bg,.meishi-msg-bg,.footer-container,footer,.block.app-bar,.hue-base-navbar,.pop-wapper,.navbar,.main-content > div:nth-last-child(2),#pop,.list.appBar{display:none!important}"}},{"webviewId":"createorder","matchUrls":[{"pathname":["^\\\/app\\\/gfe-app-page-tuan\\\/create-order\\.html$","\\\/i\\\/order\\\/[0-9]+\\\/?$","\\\/deal\\\/buy\\\/[0-9]+\\\/?$","\\\/deal\\\/buy2\\\/[0-9]+\\\/?$"]}],"webviewParameter":{"titleNView":{"titleText":"\u63d0\u4ea4\u8ba2\u5355"}},"easyConfig":{"fastInput":[{"selector":".input-wrapper .input-weak","type":"tel"}]}},{"webviewId":"lvyoucreateorder","matchUrls":[{"pathname":["^\\\/trip\\\/lvyou\\\/order\\\/buy\\\/mtp\\\/[0-9]+\\\/?$"]}],"webviewParameter":{"titleNView":false,"appendCss":"footer{display:none!important}"}},{"webviewId":"pages\/pay\/pay","matchUrls":[{"pathname":["^\\\/i\\\/cashier\\\/show\\\/index$"]}],"webviewParameter":{"titleNView":false,"appendCss":".footer-container,.app-download{display:none!important}"}},{"webviewId":"pages\/account\/login","matchUrls":[{"pathname":["^\\\/account\\\/login$"]}],"webviewParameter":{"titleNView":{"titleText":"\u767b\u5f55"}}},{"webviewId":"pages\/account\/account","matchUrls":[{"pathname":["^\\\/account\\\/?$"]}],"webviewParameter":{"appendCss":"#pop,footer,.navbar,[gaevent='imt\/account\/points']{display:none!important}"},"easyConfig":{"back":{"history":false}}},{"webviewId":"pages\/account\/myinfo","matchUrls":[{"pathname":["^\\\/account\\\/myinfo$"]}],"webviewParameter":{"titleNView":{"titleText":"\u6211\u7684\u8d26\u6237"}}},{"webviewId":"pages\/account\/address","matchUrls":[{"pathname":["^\\\/account\\\/address$"]}]},{"webviewId":"pages\/account\/verify","matchUrls":[{"pathname":["^\\\/account\\\/verify2$"]}],"webviewParameter":{"titleNView":{"titleText":"\u6211\u7684\u7f8e\u56e2"}}},{"webviewId":"pages\/account\/lists","matchUrls":[{"pathname":["^\\\/account\\\/collection$","^\\\/account\\\/magiccard$","^\\\/orders\\\/lotterys$"]}]},{"webviewId":"brunchorder","matchUrls":[{"pathname":["^\\\/brunch\\\/order$"]}]},{"webviewId":"pages\/account\/orderdetail","matchUrls":[{"pathname":["^\\\/i\\\/order\\\/detail\\\/[0-9]+\\\/?$","^\\\/order\\\/view\\\/[0-9]+\\\/?$"]}],"webviewParameter":{"titleNView":{"titleText":"\u8ba2\u5355\u8be6\u60c5"}}},{"webviewId":"pages\/simple\/feedback","matchUrls":[{"pathname":["^\\\/deal\\\/[0-9]+\\\/feedback\\\/?$"]}],"webviewParameter":{"titleNView":false,"appendCss":"footer{display:none!important}.navbar{position: fixed;width: 100%;top: 0;z-index: 100;}body{padding-top: 1.01rem;}"}},{"webviewId":"orderimgdetail","matchUrls":[{"pathname":["^\\\/i\\\/deal\\\/detail\\\/[0-9]+\\\/?$"]}],"webviewParameter":{"titleNView":{"titleText":"\u56e2\u8d2d\u8be6\u60c5"}}},{"webviewId":"pages\/account\/applyrefund","matchUrls":[{"pathname":["^\\\/i\\\/refund\\\/[0-9]+\\\/?$"]}],"webviewParameter":{"titleNView":{"titleText":"\u7533\u8bf7\u9000\u6b3e"}}},{"webviewId":"pages\/account\/feedback","matchUrls":[{"pathname":["^\\\/order\\\/[0-9]+\\\/feedback\\\/?$"]}],"webviewParameter":{"titleNView":{"titleText":"\u6211\u8981\u8bc4\u4ef7"}}},{"webviewId":"pages\/fenlei\/meishi","matchUrls":[{"hostname":["^meishi\\.meituan\\.com$"],"pathname":["^\\\/i\\\/$"]}],"webviewParameter":{"subNViews":"pages\/fenlei\/meishi.nview","titleNView":false,"appendCss":".banner,.pop-wapper,.nav-bread,.footer-container,footer,#pop{display:none!important}"}},{"webviewId":"pages\/fenlei\/common","matchUrls":[{"hostname":["^i\\.meituan\\.com$"],"pathname":["^\\\/[a-zA-Z]+\\\/?$"]}],"webviewParameter":{"titleNView":{"titleText":"\u5206\u7c7b"},"appendCss":".nav-bar{top: 0;position: fixed;width: 100%;left: 0;}body > .deal-container{top: 0.84rem;}.navbar,.banner,.pop-wapper,.nav-bread,.footer-container,footer,#pop{display:none!important}"}},{"webviewId":"category","matchUrls":[{"pathname":["^\\\/category$"]}]},{"webviewId":"triplist","matchUrls":[{"pathname":["^\\\/trip\\\/lvyou\\\/triplist\\\/poi\\\/$"]}],"webviewParameter":{"titleNView":{"titleText":"\u5468\u8fb9\u6e38"}}},{"webviewId":"tripdetail","matchUrls":[{"pathname":["^\\\/awp\\\/h5\\\/lvyou\\\/poi\\\/detail\\\/index\\.html$"]}]},{"webviewId":"addressinfo","matchUrls":[{"pathname":["^\\\/poi\\\/[0-9]+\\\/addressinfo\\\/?$"]}]},{"webviewId":"pages\/fenlei\/catehome","matchUrls":[{"pathname":["^\\\/catehome\\\/[0-9]+\\\/?$"]}],"webviewParameter":{"titleNView":false}},{"webviewId":"dealbranch","matchUrls":[{"pathname":["^\\\/deal\\\/branch\\\/[0-9]+\\\/?$"]}]},{"webviewId":"poiupdate","matchUrls":[{"pathname":["^\\\/poi\\\/[0-9]+\\\/update\\\/?$"]}]},{"webviewId":"pages\/fenlei\/train","matchUrls":[{"pathname":["^\\\/trip\\\/train\\\/search\\\/$"]}],"webviewParameter":{"titleNView":{"titleText":"\u706b\u8f66\u7968"},"appendCss":".modal-footer button{width: 100%;}footer,.select-dispatch-date-calendar-header,.popup-backdrop.current header{display:block!important}"}},{"webviewId":"pages\/fenlei\/trainorders","matchUrls":[{"pathname":["^\\\/trip\\\/train\\\/orders\\\/$"]}]},{"webviewId":"selectCity","matchUrls":[{"pathname":["^\\\/trip\\\/train\\\/search\\\/selectCity\\\/$"]}]},{"webviewId":"triptrainorder","matchUrls":[{"pathname":["^\\\/trip\\\/train\\\/order\\\/[0-9]+\\\/?$"]}]},{"webviewId":"dianpingflight","matchUrls":[{"pathname":["^\\\/awp\\\/hfe\\\/hfe-dianping-flight\\\/list\\\/index\\.html$"]}],"webviewParameter":{"appendCss":".header{display:none!important}.header-tools{top:0!important}.meituan .warp{padding-top: 0!important}"}},{"webviewId":"hfeorderlist","matchUrls":[{"pathname":["^\\\/awp\\\/hfe\\\/hfe-dianping-flight\\\/order-list\\\/index\\.html$"]}],"webviewParameter":{"appendCss":".navbar,.header{display:none!important}.warp-body.top{padding-top:0!important}"}},{"webviewId":"hfeorderdetail","matchUrls":[{"pathname":["^\\\/awp\\\/hfe\\\/hfe-dianping-flight\\\/order-detail\\\/index\\.html$"]}],"webviewParameter":{"appendCss":".header{display:none!important}#order-detail{padding-top:0!important}"}},{"webviewId":"pages\/simple\/ordersview","matchUrls":[{"pathname":["^\\\/awp\\\/h5\\\/train\\\/orders\\\/view\\.html$"]}],"webviewParameter":{"appendCss":".header{display:none!important}.modal-content footer{display:block!important;text-align:center}"}},{"webviewId":"orderslist","matchUrls":[{"pathname":["^\\\/awp\\\/h5\\\/train\\\/orders\\\/list\\.html$"]}]},{"webviewId":"changeticket","matchUrls":[{"pathname":["^\\\/awp\\\/h5\\\/train\\\/change-ticket\\\/buy\\.html$"]}]},{"webviewId":"changeticketconfirm","matchUrls":[{"pathname":["^\\\/awp\\\/h5\\\/train\\\/change-ticket\\\/confirm\\.html$"]}],"webviewParameter":{"appendCss":".header{display:none!important}"}},{"webviewId":"dianpingorderform","matchUrls":[{"pathname":["^\\\/awp\\\/hfe\\\/hfe-dianping-flight\\\/order-form\\\/index\\.html$"]}],"webviewParameter":{"appendCss":".header{display:none!important}.basic.basic-top{margin-top:0!important}"}},{"webviewId":"pages\/simple\/trainlist","matchUrls":[{"pathname":["^\\\/awp\\\/h5\\\/train\\\/list\\\/list\\.html$"]}],"webviewParameter":{"appendCss":""}},{"webviewId":"h5trainbuy","matchUrls":[{"pathname":["^\\\/awp\\\/h5\\\/train\\\/buy\\\/buy\\.html$"]}],"webviewParameter":{"appendCss":""}},{"webviewId":"trainorderview","matchUrls":[{"pathname":["^\\\/awp\\\/h5\\\/train\\\/order-view\\\/view\\.html$"]}],"webviewParameter":{"appendCss":""}},{"webviewId":"triptrainlist","matchUrls":[{"pathname":["^\\\/trip\\\/train\\\/list\\\/$"]}],"easyConfig":{"back":{"before":[{"popupSelector":".msg-bg","closeSelector":".msg-bg"}]}}},{"webviewId":"trainbuy","matchUrls":[{"pathname":["^\\\/trip\\\/train\\\/buy\\\/$"]}],"easyConfig":{"back":{"before":[{"popupSelector":".msg-bg","closeSelector":".msg-bg"}]}}},{"webviewId":"pages\/simple\/addchild","matchUrls":[{"pathname":["^\\\/trip\\\/train\\\/passengers\\\/addChild\\\/fromBuy\\\/$"]}]},{"webviewId":"pages\/simple\/addchildhead","matchUrls":[{"pathname":["^\\\/trip\\\/train\\\/passengers\\\/add\\\/$"]}]},{"webviewId":"hotel","matchUrls":[{"pathname":["^\\\/awp\\\/h5\\\/hotel\\\/search\\\/search\\.html$"]}]},{"webviewId":"hotellist","matchUrls":[{"pathname":["^\\\/awp\\\/h5\\\/hotel\\\/list\\\/list\\.html$","^\\\/awp\\\/h5\\\/hotel\\\/poi\\\/deal\\.html$"]}],"webviewParameter":{"titleNView":false,"appendCss":".header-actions-icon.header-actions-back.hue-base-icon-base,.header-actions-right{position: fixed!important}.js-toast-container{display:none!important}"},"easyConfig":{"back":{"before":[{"popupSelector":".sort","closeSelector":".sort"},{"popupSelector":".type","closeSelector":".type"}]}}},{"webviewId":"hotelreserve","matchUrls":[{"pathname":["^\\\/awp\\\/h5\\\/hotel\\\/buy\\\/reserve\\.html$"]}],"webviewParameter":{"titleNView":{"titleText":"\u63d0\u4ea4\u8ba2\u5355"}},"easyConfig":{"back":{"before":[]}}},{"webviewId":"jiudiantouch","matchUrls":[{"pathname":["^\\\/jiudian\\\/touch\\\/poi\\\/[0-9]+\\\/?$"]}],"easyConfig":{"back":{"before":[{"popupSelector":"#hotel-date-picker","closeSelector":".backdrop"}]}}},{"webviewId":"statusdetail","matchUrls":[{"pathname":["\\\/mti\\\/order\\\/statusdetail\\\/[0-9]+\\\/?$"]}],"webviewParameter":{"appendCss":"#header{display:none!important}#nav{padding-top: 0px!important;}"}},{"webviewId":"comment","matchUrls":[{"pathname":["\\\/mti\\\/order\\\/comment\\\/[0-9]+\\\/?$"]}],"webviewParameter":{"titleNView":{"titleText":"\u8bc4\u4ef7"}}},{"webviewId":"pages\/simple\/passenger","matchUrls":[{"pathname":["\\\/trip\\\/train\\\/passenger\\\/child\\\/[0-9]+\\\/?$"]}]},{"webviewId":"trycenterproduct","matchUrls":[{"hostname":["^h5\\.dianping\\.com$"],"pathname":["^\\\/trycenter\\\/product\\\/detail$"]}]},{"webviewId":"search","matchUrls":[{"pathname":["^\\\/s\\\/[a-z]+$","^\\\/s\\\/$","^\\\/s\\\/[a-z]+-.*"]}],"webviewParameter":{"titleNView":{"titleText":"\u641c\u7d22"}}},{"webviewId":"pages\/simple\/searchresult","matchUrls":[{"pathname":["\\\/s\\\/w*\\\/?$","^\\\/s$"]}]},{"webviewId":"pages\/simple\/firework","matchUrls":[{"pathname":["^\\\/firework\\\/guide$","^\\\/topic\\\/huilife$","^\\\/topic\\\/mingdian$","\\\/topic\\\/scene\\\/[0-9]+\\\/?$"]}]},{"webviewId":"topicguide","matchUrls":[{"pathname":["^\\\/topic\\\/guide\\\/[0-9]-[0-9]\\\/?$"]}],"easyConfig":{"back":{"history":false}}},{"webviewId":"mticity","matchUrls":[{"pathname":["^\\\/mti\\\/city$"]}],"webviewParameter":{"titleNView":{"titleText":"\u9009\u62e9\u57ce\u5e02"},"appendCss":"#header{display:none!important}"}},{"webviewId":"pages\/waimai\/mticityid","matchUrls":[{"pathname":["^\\\/mti\\\/gotocityid$"]}]},{"webviewId":"pages\/waimai\/mtihome","matchUrls":[{"pathname":["^\\\/mti\\\/home$"]}],"webviewParameter":{"titleNView":false,"appendCss":"body{padding-top:42px}#header{ position: fixed; left: 0; top: 0; width: 100%;z-index:1000}"}},{"webviewId":"pages\/waimai\/supermarket","matchUrls":[{"pathname":["^\\\/mti\\\/gotojs$"]}],"webviewParameter":{"subNViews":"pages\/waimai\/waimai.nview","titleNView":false,"appendCss":".j-page-name.page-name{color:#ffffff!important}#poilist{margin-top:39px!important}header{width: 100%;left: 0; top: 0; position: fixed!important;z-index:101!important;}.poifilter-bar{z-index:101!important;position: fixed; width: 100%;left: 0;top: 44px;}"}},{"webviewId":"mtichannel","matchUrls":[{"pathname":["^\\\/mti\\\/channel$"]}],"webviewParameter":{"subNViews":"pages\/waimai\/waimai.nview","titleNView":false,"appendCss":"body{padding-top:39px!important}.poifilter-bar{top:44px!important}#header{position: fixed;left: 0;top:0;width: 100%;z-index: 1001;}.j-page-name.page-name{color:#ffffff!important}"},"easyConfig":{"back":{"selector":".icon-arrow-left-thin"}}},{"webviewId":"pages\/waimai\/mtiarea","matchUrls":[{"pathname":["^\\\/mti\\\/restaurant\\\/[0-9]+\\\/?$"]}],"webviewParameter":{"subNViews":"pages\/waimai\/waimai.nview","titleNView":false}},{"webviewId":"pages\/waimai\/mtisearch","matchUrls":[{"pathname":["^\\\/mti\\\/search\\\/init$"]}],"webviewParameter":{"titleNView":false}},{"webviewId":"pages\/waimai\/preview","matchUrls":[{"pathname":["^\\\/mti\\\/order\\\/preview$"]}],"webviewParameter":{"subNViews":"pages\/waimai\/orderqr.nview","titleNView":false,"appendCss":".j-page-name.page-name{color:#ffffff!important}body{padding-top: 42px;}#header{display:block!important;width: 100%;left: 0; top: 0; position: fixed!important;z-index:101!important;}"}},{"webviewId":"pages\/waimai\/getaddr","matchUrls":[{"pathname":["^\\\/mti\\\/user\\\/getaddr$"]}],"webviewParameter":{"titleNView":{"titleText":"\u9009\u62e9\u6536\u8d27\u5730\u5740"}}},{"webviewId":"pages\/waimai\/locaddr","matchUrls":[{"pathname":["^\\\/mti\\\/user\\\/locaddr$"]}]},{"webviewId":"pages\/waimai\/editaddr","matchUrls":[{"pathname":["^\\\/mti\\\/user\\\/editaddr$"]}],"webviewParameter":{"titleNView":false,"appendCss":"body{padding-top:0px}"},"easyConfig":{"fastInput":[{"selector":".fill-input-tel.j-phone","type":"tel"}]}},{"webviewId":"pages\/waimai\/mtiaccountredirect","matchUrls":[{"pathname":["^\\\/mti\\\/account\\\/accountCenter$","^\\\/mti\\\/account\\\/redirect$"]}],"webviewParameter":{"titleNView":false,"appendCss":""},"easyConfig":{"back":{"history":false,"selector":".fl.logo,.j-back-link.back-wrap"}}},{"webviewId":"mtiorderlist","matchUrls":[{"pathname":["^\\\/mti\\\/order\\\/list$"]}],"webviewParameter":{"titleNView":false,"appendCss":"body{padding-top: 42px;}header{width: 100%;left: 0; top: 0; position: fixed!important;z-index:101!important;}"}},{"webviewId":"pages\/waimai\/mtistatusdetail","matchUrls":[{"pathname":["^\\\/mti\\\/order\\\/statusdetail\\\/[0-9]+\\\/?$"]}],"webviewParameter":{"titleNView":false,"appendCss":"body{padding-top: 42px;}header{width: 100%;left: 0; top: 0; position: fixed!important;z-index:101!important;}"}},{"webviewId":"mtiaccountdetail","matchUrls":[{"pathname":["^\\\/mti\\\/account\\\/detail$"]}]},{"webviewId":"mtiorderpreview","matchUrls":[{"pathname":["^\\\/order\\\/preview$"]}]},{"webviewId":"mkktvindex","matchUrls":[{"hostname":["^h5\\.dianping\\.com$"],"pathname":["^\\\/tuan\\\/fun\\\/mt-ktv\\\/index\\.html$"]}],"webviewParameter":{"titleNView":{"titleText":"\u5728\u7ebf\u9884\u8ba2"}}},{"webviewId":"specir","matchUrls":[{"pathname":["^\\\/specir$"]}],"webviewParameter":{"titleNView":{"titleText":"\u5305\u623f\u9884\u8ba2"},"appendCss":"#j-navibar{display:none}"}},{"webviewId":"cinema","matchUrls":[{"pathname":["^\\\/cinema\\\/[0-9]+\\.html$"]}]},{"webviewId":"house","matchUrls":[{"pathname":["^\\\/house$"]}],"webviewParameter":{"titleNView":{"titleText":"\u5bb6\u88c5"},"appendCss":"header,.mod-rich-btn.mod-board.five a:nth-child(3){display:none!important}"}},{"webviewId":"__W2A__meituan.com","matchUrls":[{"pathname":["^\\\/?$","\\\/index\\.html$","^\\\/account\\\/logout$","^\\\/firework\\\/baidupinzhuan1$","^\\\/guide$"]}],"webviewParameter":{"appendCss":"","titleNView":false,"statusbar":{"background":""}}},{"webviewId":"choicecity","matchUrls":[{"pathname":["^\\\/index\\\/changecity$"]}],"webviewParameter":{"titleNView":{"titleText":"\u9009\u62e9\u57ce\u5e02"}}},{"webviewId":"myorder","matchUrls":[{"hostname":["^m\\.maoyan\\.com$"],"pathname":["^\\\/order\\\/[0-9]+\\\/?$"]}],"webviewParameter":{"appendCss":".navbar{display:none!important}"}},{"webviewId":"poilist","matchUrls":[{"pathname":["^\\\/i\\\/poi\\\/list\\\/[0-9]+\\\/?$"]}]},{"webviewId":"pages\/account\/resetreq","matchUrls":[{"pathname":["^\\\/risk2\\\/resetreq$"]}]},{"webviewId":"common","matchUrls":[{"pathname":[".*"]}]}],"version":"5167f9f050b58da0d05367fb68fb1c67"}