{"launch_path":"https:\/\/dmp-data.vip.com\/ndl?tra_from=tra%3Ajbjresst%3A%3A%3A%3A","match":[{"domain":"vip.com","rule":".*"}],"global":{"webviewParameter":{"titleNView":{"autoBackButton":"true","backgroundColor":"#fbfbfa","titleColor":"#555555","titleSize":"18px","borderColor":"#e4e3e6"},"appendCss":"#addressForm{padding-top: 0px!important;}#J-download-bar,.J-download-bar{height: 0px!important;}.app-header,#J-page-simple-header,.c-header-wrap,#J-page-collect-header,#J-back-previous-page,#J-foot-download,#J-page-footer,#J-user-info-header,#header,.head,#J_footer,#J-checkout-header,.g-header,#J-simple-header,.background #header-container,[mars_sead='floating_download'],#J-guide,.u-top-info,#J-channel-header,.J-original-price,#app > .content{display:none!important}"}},"pages":[{"webviewId":"H52588A9C","matchUrls":[{"hostname":["^m\\.vip\\.com$","^vip\\.com$","^www\\.vip\\.com$"],"pathname":["^\\\/?$","^\\\/index\\.html$"]}],"webviewParameter":{"statusbar":{"background":"#fbfbfa"},"appendCss":"#J-download-bar,.J-download-bar{height: 0px!important;}.navload,.load-wrapper,.footer-link,#ft,#J-guide{display:none!important} header.navbar { position: fixed !important; top: 0 !important; height: 1.01rem !important; width: 100% !important; z-index: 1000 !important; } div.body-wrapper { padding-top: 1.01rem !important; }","titleNView":false}},{"webviewId":"pages\/user\/user","matchUrls":[{"pathname":["^\\\/user\\.html$","^\\\/user-index\\.html$","^\\\/Index\\\/app\\\/?$","^\\\/index\\\/app\\\/?$"]}],"webviewParameter":{"titleNView":{"titleText":"\u4e2a\u4eba\u4e2d\u5fc3"},"appendCss":".models-header.J-mobile-fast-login-header,.f-left.J-back-to-prev,.f-right.J-f-right,#J-foot-download,#J-page-footer,#J_header,#J-simple-header{display:none!important}"}},{"webviewId":"pages\/user\/orderlistmore","matchUrls":[{"pathname":["^\\\/user-order-list-more\\.html$","^\\\/order\\\/list\\.html$"]}],"webviewParameter":{"titleNView":{"titleText":"\u5168\u90e8\u8ba2\u5355"},"appendCss":".wap-header-title,#J-simple-header,.u-top-info{display:none!important}.g-wrapper.has-wap-header{padding-top: .88rem!important;}","subNViews":"pages\/user\/orderlistmore.nview"}},{"webviewId":"pages\/user\/orderdetail","matchUrls":[{"pathname":["^\\\/user-order-detail-list-0-[0-9]+\\.html$"]}],"webviewParameter":{"titleNView":{"titleText":"\u8ba2\u5355\u8be6\u60c5"}}},{"webviewId":"pages\/user\/userChilds","matchUrls":[{"pathname":["^\\\/user-order-list-unpay\\.html$","^\\\/user-order-list-unreceive\\.html$","^\\\/cart-history\\.html$","^\\\/user-order-list-return\\.html$","^\\\/h5\\\/wallet$","^\\\/user-coupon\\.html$","^\\\/user-vipmoney\\.html$","^\\\/user-address-list\\.html$","^\\\/user-updatepwd\\.html$","^\\\/h5\\\/paypass$","^\\\/user-mobile-bind\\.html$","^\\\/h5\\\/redPacket$","^\\\/h5\\\/realName$","^\\\/h5\\\/bankCard$"]}],"webviewParameter":{"appendCss":".red-packet-history{padding-top:0px!important}.topbar-page-detail{padding-top:40px!important;}.packet-detail-tab{top:0px!important}.topbar-page > div:nth-child(1),.red-packet-history > div:nth-child(1),.topbar-page-detail > div:nth-child(1),.detail-link,#header,#J-checkout-header,.head,#J_footer,#J-simple-header{display:none!important}"}},{"webviewId":"logistics","matchUrls":[{"search":[".*step=logistics.*"]}],"webviewParameter":{"titleNView":{"titleText":"\u67e5\u770b\u7269\u6d41"}}},{"webviewId":"pages\/login\/login","matchUrls":[{"pathname":["^\\\/user-login\\.html$","^\\\/Index\\\/app\\\/?$","^\\\/index\\\/app\\\/?$"]}],"webviewParameter":{"titleNView":{"titleText":"\u7528\u6237\u767b\u5f55"}}},{"webviewId":"realnameAuth","matchUrls":[{"pathname":["^\\\/h5\\\/realnameAuth$"]}],"webviewParameter":{"titleNView":{"titleText":"\u5b9e\u540d\u8ba4\u8bc1"}}},{"webviewId":"bindQpayCard","matchUrls":[{"pathname":["^\\\/h5\\\/bindQpayCard$"]}],"webviewParameter":{"titleNView":{"titleText":"\u6dfb\u52a0\u65b0\u5361"}}},{"webviewId":"bindcardinfo","matchUrls":[{"pathname":["^\\\/bind-card\\\/h5\\\/card-info$"]}],"webviewParameter":{"titleNView":{"titleText":"\u586b\u5199\u94f6\u884c\u5361\u4fe1\u606f"}}},{"webviewId":"userhistory","matchUrls":[{"pathname":["^\\\/user-history\\.html$"]}],"webviewParameter":{"titleNView":{"titleText":"\u6d4f\u89c8\u5386\u53f2"}}},{"webviewId":"userfavproduct","matchUrls":[{"pathname":["^\\\/user-fav-brand\\.html$","^\\\/user-fav-product\\.html$"]}],"webviewParameter":{"titleNView":false,"statusbar":{"background":"#fbfbfa"},"appendCss":"body{padding-top:44px!important}.u-header{position: fixed;left:0;top: 0;}#J_footer{display:none!important}"}},{"webviewId":"pages\/search\/searchlist","matchUrls":[{"pathname":["^\\\/searchlist\\.html$"]}],"webviewParameter":{"subNViews":"pages\/search\/searchlist.nview","titleNView":false,"statusbar":{"background":"#fbfbfa"},"appendCss":"#J-search-bar{top: 1.2rem!important;z-index: 1200;width:100%}"}},{"webviewId":"pages\/brand\/brand","matchUrls":[{"pathname":["^\\\/brand-.*","^\\\/preheating-brand-.*"]}],"webviewParameter":{"subNViews":"pages\/brand\/brand.nview","appendCss":"#J-download-bar,.J-download-bar{height: 0px!important;}.wrap-filter{z-index: 111111}.models-header.J-mobile-fast-login-header,#J-page-collect-header,[mars_sead='share_click_btn'],#J-register-win .m-login-back-btn.J-mlogin-back,#J-preheat-collect,#J-collect-btn,.u-product.u-download,#J-foot-download,#J-page-footer,[mars_sead='floating_download']{display:none!important}#J-register-win,#J-login-win{height:100%!important;z-index:1000000}.J-resident-function-entry.open{z-index:1000000}.search-more-footer{bottom: 40px!important;}.v-popup-bottom{top: 40px!important;}","titleNView":{"autoBackButton":"true","buttons":[{"float":"right","fontSrc":"_www\/__wap2app.ttf","fontSize":"25px","text":"\ue602","onclick":"javascript:window.openShare && openShare()"},{"float":"right","fontSrc":"_www\/__wap2app.ttf","fontSize":"25px","text":"\ue604","onclick":"javascript:plus.webview.getWebviewById('pages\/brand\/brand').evalJS(\"var addcollect = document.querySelector('#J-collect-btn');if(addcollect){addcollect.click();}\")"}],"backgroundColor":"#fbfbfa","titleColor":"#555555","titleSize":"20px"}}},{"webviewId":"pages\/brand\/classifyList","matchUrls":[{"pathname":[".*\\\/classify-list-.*"]}],"webviewParameter":{"subNViews":"pages\/brand\/classifyList.nview","appendCss":"#J-wrap-filter-bar{z-index:1000000}#J-page-simple-header,.u-product.u-download,#J-foot-download,#J-page-footer{display:none!important}#J-register-win,#J-login-win{height:100%!important;z-index:1000000}","titleNView":{"autoBackButton":"true","backgroundColor":"#fbfbfa","titleColor":"#555555","titleSize":"20px"}}},{"webviewId":"pages\/product\/recommendproduct","matchUrls":[{"pathname":[".*\\\/recommend-product"]}],"webviewParameter":{}},{"webviewId":"pages\/product\/newbeautyproduct","matchUrls":[{"pathname":[".*\\\/product-[0-9]+-[0-9]+\\.html.*"]}],"webviewParameter":{"subNViews":"pages\/product\/newbeautyproduct.nview","appendCss":"#J-download-bar,.J-download-bar{height: 0px!important;}.product-name{height:.48rem!important;}.oversea-slogan,#J-back-prev-page,#J-product-countdown,#J-page-footer,#J-foot-download,#J-product-number,#J-register-win,#J-back-previous-page,#J-login-win,.J-promotion-price,.J-original-price{display:none!important;}","titleNView":{"autoBackButton":"true","type":"transparent","buttons":[{"float":"right","fontSrc":"_www\/__wap2app.ttf","fontSize":"25px","text":"\ue602","onclick":"javascript:window.openShare && openShare()"},{"float":"right","fontSrc":"_www\/__wap2app.ttf","fontSize":"25px","text":"\ue604","onclick":"javascript:if(!wap2app.getCookie('https:\/\/m.vip.com', 'WAP[login]')) { wap2app.open('https:\/\/mlogin.vip.com\/user-login.html'); } else { plus.webview.getWebviewById('pages\/product\/newbeautyproduct').evalJS(\"var cur = plus.webview.currentWebview();var subnviews = cur.getSubNViews();subnviews[2].close();var addcollect = document.querySelector('.product-detail-collect.icon-addcollect');if(addcollect){addcollect.click();}\"); }"}],"borderColor":null,"backgroundColor":"#dd3d97","titleColor":"#ffffff","titleSize":"20px"}}},{"webviewId":"pages\/product\/preheatingproduct","matchUrls":[{"pathname":[".*\\\/preheating-product-[0-9]+-[0-9]+\\.html.*"]}],"webviewParameter":{"subNViews":"pages\/product\/preheatingproduct.nview","appendCss":"#J-download-bar,.J-download-bar{height: 0px!important;}#J-product-images ul{width:2000px}#J-product-images.product-beauty-detail ul{width:100%}#J-product-countdown,#J-back-previous-page,#J-page-footer,#J-foot-download,.J-promotion-price.promotion-price-type-203,.u-bg,.u-spot.J-u-spot,#J-register-win,#J-login-win{display:none!important}","titleNView":{"autoBackButton":"true","type":"transparent","buttons":[{"float":"right","fontSrc":"_www\/__wap2app.ttf","fontSize":"25px","text":"\ue604","onclick":"javascript:window.openShare && openShare()"}],"borderColor":null,"backgroundColor":"#dd3d97","titleColor":"#ffffff","titleSize":"20px"}}},{"webviewId":"pages\/product\/product","matchUrls":[{"pathname":[".*\\\/product-[0-9]+?-[0-9]+\\.html.*",".*\\\/classify-detail-.*"]}],"webviewParameter":{"subNViews":"pages\/product\/product.nview","titleNView":{"autoBackButton":"true","type":"transparent","buttons":[{"float":"right","fontSrc":"_www\/__wap2app.ttf","fontSize":"25px","text":"\ue602","onclick":"javascript:window.openShare && openShare()"},{"float":"right","fontSrc":"_www\/__wap2app.ttf","fontSize":"25px","text":"\ue604","onclick":"javascript:if(!wap2app.getCookie('https:\/\/m.vip.com', 'WAP[login]')) { wap2app.open('https:\/\/mlogin.vip.com\/user-login.html'); } else { plus.webview.getWebviewById('pages\/product\/product').evalJS(\"var cur = plus.webview.currentWebview();var subnviews = cur.getSubNViews();subnviews[2].close();var addcollect = document.querySelector('.product-detail-collect.icon-addcollect');if(addcollect){addcollect.click();}\"); }"}],"borderColor":null,"backgroundColor":"#dd3d97","titleColor":"#ffffff","titleSize":"20px"}}},{"webviewId":"pages\/cart\/cart","matchUrls":[{"pathname":["^\\\/cart\\.html$","^\\\/checkout\\.html$","^\\\/Index\\\/app\\\/?$","^\\\/index\\\/app\\\/?$"]}],"webviewParameter":{"titleNView":{"titleText":"\u7ed3\u7b97"},"appendCss":"#J-download-bar,.J-download-bar{height: 0px!important;}#J-checkout-header,#J-register-win .m-login-back-btn.J-mlogin-back,#J-page-simple-header,.J-mobile-fast-login-header,#J_header{display:none!important}#J-register-win,#J-login-win{height:100%!important;z-index:1000000}"}},{"webviewId":"pages\/pay\/payready","matchUrls":[{"pathname":["^\\\/wap\\\/cashier\\\/entry$"]}],"webviewParameter":{"titleNView":{"titleText":"\u552f\u54c1\u4f1a\u6536\u94f6\u53f0"},"appendCss":"#J-download-bar,.J-download-bar{height: 0px!important;}.addTopBar .app-body{padding-top:0px!important}.app-header{display:none!important}"}},{"webviewId":"pages\/pay\/pay","matchUrls":[{"pathname":["^\\\/wap\\\/cashier\\\/doPay$","^\\\/service\\\/rest\\.htm$"]}],"webviewParameter":{"statusbar":{"background":"#fbfbfa"},"titleNView":false,"appendCss":"#J-checkout-header,#J-register-win .m-login-back-btn.J-mlogin-back,#J-page-simple-header,.J-mobile-fast-login-header{display:none!important}#J-register-win,#J-login-win{height:100%!important;z-index:1000000}"}},{"webviewId":"pages\/pay\/payresult","matchUrls":[{"pathname":["^\\\/cart-payresult\\.html$","^\\\/h5\\\/success\\.xhtml$","^\\\/pay\\\/response\\\/syn\\\/[0-9]+\\\/?$","^\\\/order-paycompleted\\.html$"]}],"webviewParameter":{}},{"webviewId":"pages\/pay\/uncompleted","matchUrls":[{"pathname":["^\\\/user-order-list-uncompleted\\.html$"]}],"webviewParameter":{},"easyConfig":{"back":{"reload":true}}},{"webviewId":"brandlist","matchUrls":[{"pathname":["^\\\/list\\\/brand-list\\.html$"]}],"webviewParameter":{"titleNView":{"titleText":"\u5728\u552e\u54c1\u724c"}}},{"webviewId":"qualitygoods","matchUrls":[{"pathname":["^\\\/act\\\/m\\\/staic-page-zpbz$"]}],"webviewParameter":{"appendCss":"","titleNView":{"titleText":"\u6b63\u54c1\u5ba3\u8a00"}}},{"webviewId":"publicity","matchUrls":[{"pathname":["^\\\/publicity$"]}],"webviewParameter":{"appendCss":"","titleNView":{"titleText":"\u552f\u54c1\u82b1"}}},{"webviewId":"defendIndex","matchUrls":[{"pathname":["^\\\/Index\\\/app\\\/?$","^\\\/index\\\/app\\\/?$"]}],"webviewParameter":{"titleNView":{"titleText":"\u5b89\u5168\u6821\u9a8c"}}},{"webviewId":"rankhome","matchUrls":[{"pathname":["^\\\/pages\\\/rank\\\/home\\.html$"]}],"webviewParameter":{"titleNView":{"titleText":"\u6392\u884c\u699c"}}},{"webviewId":"rankcmindex","matchUrls":[{"pathname":["^\\\/pages\\\/rank\\\/cmindex\\.html$"]}],"webviewParameter":{}},{"webviewId":"cmindexgoods","matchUrls":[{"pathname":["^\\\/pages\\\/rank\\\/cmindex-goods\\.html$","^\\\/pages\\\/rank\\\/cmindex-cat\\.html$"]}],"webviewParameter":{"titleNView":{"titleText":"\u70ed\u9500\u6392\u884c\u699c"}}},{"webviewId":"yiyuanBuyproductlist","matchUrls":[{"pathname":["^\\\/yiyuanBuy\\\/product-list\\.html$"]}],"webviewParameter":{}},{"webviewId":"onevipcomdetail","matchUrls":[{"hostname":["^one\\.vip\\.com$"],"pathname":["^\\\/detail\\.html$"]}],"webviewParameter":{}},{"webviewId":"onevipcomcheckout","matchUrls":[{"hostname":["^one\\.vip\\.com$"],"pathname":["^\\\/checkout\\.html$"]}],"webviewParameter":{}},{"webviewId":"pages\/search\/search","matchUrls":[{"pathname":["^\\\/list\\\/mobile-search\\.html$","^\\\/classify\\.html$"]}],"webviewParameter":{"subNViews":"pages\/search\/search.nview","statusbar":{"background":"#fbfbfa"},"titleNView":false,"appendCss":".m-wap-header-tab{border-radius:0}"}},{"webviewId":"crm","matchUrls":[{"pathname":["^\\\/crm\\.html$"]}],"webviewParameter":{"titleNView":{"titleText":"\u8d2d\u7269\u54a8\u8be2"}}},{"webviewId":"yiyuanduobao","matchUrls":[{"pathname":["^\\\/virtual\\\/debao-order-list\\.html$"]}],"webviewParameter":{"titleNView":{"titleText":"\u5f97\u5b9d\u8ba2\u5355"}}},{"webviewId":"catagory","matchUrls":[{"pathname":["^\\\/list\\\/classify\\.html$","^\\\/pages\\\/rank\\\/cmindex-new\\.html$"]}],"webviewParameter":{"titleNView":{"titleText":"\u5206\u7c7b"}}},{"webviewId":"pages\/search\/suggest","matchUrls":[{"pathname":["^\\\/suggest\\.html$"]}],"webviewParameter":{"subNViews":"pages\/search\/suggest.nview","titleNView":false,"statusbar":{"background":"#fbfbfa"}},"easyConfig":{"back":{"history":false}}},{"webviewId":"service_provision","matchUrls":[{"pathname":["^\\\/act\\\/m\\\/service_provision$"]}],"webviewParameter":{"titleNView":{"titleText":"\u670d\u52a1\u6761\u6b3e","progress":{"height":"1.5px","color":"#dd3d97"}}}},{"webviewId":"vivavipcom","matchUrls":[{"pathname":["^\\\/act\\\/club2017$"]}],"webviewParameter":{"titleNView":{"titleText":"\u7b7e\u5230\u6709\u793c","progress":{"height":"1.5px","color":"#dd3d97"}}}},{"webviewId":"pages\/pay\/address","matchUrls":[{"href":[".*act=address.*"]}],"webviewParameter":{"titleNView":{"titleText":"\u6dfb\u52a0\u6536\u8d27\u5730\u5740"}}},{"webviewId":"indexphp","matchUrls":[{"pathname":["\\\/index.php.*"]}],"webviewParameter":{"titleNView":{"progress":{"height":"1.5px","color":"#dd3d97"}}}},{"webviewId":"discoveryvip","matchUrls":[{"hostname":["^discovery\\.vip\\.com$"],"pathname":["^\\\/index\\.html$","^\\\/publisher\\\/index\\.html$"]}],"webviewParameter":{"titleNView":{"titleText":"\u53d1\u73b0\u597d\u7269","progress":{"height":"1.5px","color":"#dd3d97"}}}},{"webviewId":"discoverhotindex","matchUrls":[{"hostname":["^discovery\\.vip\\.com$"],"pathname":["^\\\/hot\\\/index\\.html$"]}],"webviewParameter":{"titleNView":{"titleText":"\u70ed\u95e8\u8bdd\u9898","progress":{"height":"1.5px","color":"#dd3d97"}},"appendCss":"#J-download-bar,.J-download-bar{height: 0px!important;}#scrollview .content,#app .content{display:none!important}"}},{"webviewId":"discoveractphoto","matchUrls":[{"hostname":["^discovery\\.vip\\.com$"],"pathname":["^\\\/act\\\/photo\\.html$","^\\\/act\\\/vote\\.html$"]}],"webviewParameter":{"titleNView":{"progress":{"height":"1.5px","color":"#dd3d97"}}}},{"webviewId":"discoverpraiseindex","matchUrls":[{"hostname":["^discovery\\.vip\\.com$"],"pathname":["^\\\/praise\\\/index\\.html$"]}],"webviewParameter":{"titleNView":{"progress":{"height":"1.5px","color":"#dd3d97"}}}},{"webviewId":"discoveractpost","matchUrls":[{"hostname":["^discovery\\.vip\\.com$"],"pathname":["^\\\/act\\\/post\\.html$"]}],"webviewParameter":{"titleNView":{"progress":{"height":"1.5px","color":"#dd3d97"}},"appendCss":"#J-download-bar,.J-download-bar{height: 0px!important;}.header-title{display:none!important}"}},{"webviewId":"discoverpraisedetail","matchUrls":[{"hostname":["^discovery\\.vip\\.com$"],"pathname":["^\\\/praise\\\/detail\\.html$"]}],"webviewParameter":{"titleNView":{"progress":{"height":"1.5px","color":"#dd3d97"}}}},{"webviewId":"discoveryoutindex","matchUrls":[{"hostname":["^discovery\\.vip\\.com$"],"pathname":["^\\\/out\\\/index\\.html$"]}],"webviewParameter":{"titleNView":{"titleText":"\u8d44\u8baf","progress":{"height":"1.5px","color":"#dd3d97"}},"appendCss":"#J-download-bar,.J-download-bar{height: 0px!important;}#scrollview .content{display:none!important}"}},{"webviewId":"zhibo","matchUrls":[{"hostname":["^zhibo-api\\.vip\\.com$"],"pathname":["^\\\/?$"]}],"webviewParameter":{"titleNView":{"progress":{"height":"1.5px","color":"#dd3d97"}}}},{"webviewId":"zhiboroomlive","matchUrls":[{"hostname":["^zhibo-api\\.vip\\.com$"],"pathname":["^\\\/room\\\/live.*"]}],"webviewParameter":{"titleNView":{"progress":{"height":"1.5px","color":"#dd3d97"}},"appendCss":"#J-download-bar,.J-download-bar{height: 0px!important;}.open-app{display:none!important}"}},{"webviewId":"articleindex","matchUrls":[{"pathname":["^\\\/article\\\/index\\.html$"]}],"webviewParameter":{}},{"webviewId":"discoveryphoto","matchUrls":[{"pathname":["^\\\/discovery\\\/photo\\.html$","^\\\/discovery\\\/topic\\.html$"]}],"webviewParameter":{}},{"webviewId":"pages\/common\/special","matchUrls":[{"pathname":["^\\\/special\\.html$","^\\\/\\\/special\\.html$"]}],"webviewParameter":{"bounce":"none","titleNView":{"autoBackButton":"true","buttons":[{"float":"right","fontSrc":"_www\/__wap2app.ttf","fontSize":"25px","text":"\ue602","onclick":"javascript:window.openShare && openShare()"}],"progress":{"height":"1.5px","color":"#dd3d97"}}}},{"webviewId":"pages\/login\/passwordrecovered","matchUrls":[{"pathname":["^\\\/retrieve-password\\.html$"]}],"webviewParameter":{"appendCss":"#J-password-header{display:none!important}"}},{"webviewId":"passwordphone","matchUrls":[{"pathname":["^\\\/asserts\\\/password\\\/phone\\.html$"]}],"webviewParameter":{"appendCss":"#J-password-header{display:none!important}"}},{"webviewId":"common","matchUrls":[{"pathname":[".*"]}],"webviewParameter":{"titleNView":{"progress":{"height":"1.5px","color":"#dd3d97"}}}}],"version":"25b83db2d40bc9b37f9e428ea0f7595b"}